age,filename,age,mlu,words,input_words,pronoun,input_pronoun,Total Error,Total Error Sum,Total Pronoun Sum,Total Input Pronoun Sum,Correct Rate,child,Error_per_hundred
23,Anne/011104.xml,23,2.045,1177.5,3961,32,480.5,0,0,64,961,1,Anne,0
24,Anne/011118.xml,24,2.343333333,1200,4161.333333,61.66666667,555,0.666666667,2,185,1665,0.989189189,Anne,1.081081081
25,Anne/020017.xml,25,2.623333333,1272.333333,4514.666667,63.66666667,637.3333333,0,0,191,1912,1,Anne,0
26,Anne/020120.xml,26,3.17,1493.25,4449.75,152.25,579.5,1.25,5,609,2318,0.991789819,Anne,0.821018062
27,Anne/020301.xml,27,3.22,1396,3504,119,454,0,0,119,454,1,Anne,0
28,Anne/020320.xml,28,3.162,1676.2,4025,167.2,499.6,5.2,26,836,2498,0.968899522,Anne,3.110047847
29,Anne/020502.xml,29,3.245,1857.5,3463,193,457.5,1.5,3,386,915,0.992227979,Anne,0.777202073
30,Anne/020525.xml,30,3.5,1394,4041,162,513.5,1.5,3,324,1027,0.990740741,Anne,0.925925926
31,Anne/020629.xml,31,3.37,1578.5,4534.25,218.75,645.5,2.25,9,875,2582,0.989714286,Anne,1.028571429
32,Anne/020727.xml,32,3.876666667,1174,2966,181.6666667,437.3333333,1.333333333,4,545,1312,0.99266055,Anne,0.733944954
33,Anne/020824.xml,33,3.675,1562,4081.5,175.5,549.75,0.5,2,702,2199,0.997150997,Anne,0.284900285
24,Aran/020002.xml,24,2.13,1141.5,5428.5,75.5,801,1.5,3,151,1602,0.98013245,Aran,1.986754967
25,Aran/020100.xml,25,2.5,1313.5,4614.5,160.5,696,1.5,3,321,1392,0.990654206,Aran,0.934579439
26,Aran/020121.xml,26,2.73,1277,5483,122.6666667,825.6666667,0.333333333,1,368,2477,0.997282609,Aran,0.27173913
27,Aran/020218.xml,27,3.16,1486.25,5766,217.75,833.5,0.5,2,871,3334,0.997703789,Aran,0.229621125
28,Aran/020413.xml,28,3.6,1361,6484,218,964,1,1,218,964,0.995412844,Aran,0.458715596
29,Aran/020420.xml,29,3.663333333,1449,5922.333333,209.6666667,824,0.333333333,1,629,2472,0.998410175,Aran,0.158982512
30,Aran/020517.xml,30,3.986666667,1468.333333,5700.666667,204.3333333,816.3333333,2.666666667,8,613,2449,0.986949429,Aran,1.305057096
31,Aran/020617.xml,31,4.043333333,1529.333333,6013.333333,259.6666667,892,1.333333333,4,779,2676,0.994865212,Aran,0.513478819
32,Aran/020721.xml,32,3.983333333,1565,6196.666667,234,873.6666667,0.333333333,1,702,2621,0.998575499,Aran,0.142450142
33,Aran/020819.xml,33,4.495,1905,5534.5,329,789.5,0,0,658,1579,1,Aran,0
34,Aran/020925.xml,34,4.283333333,1829,5730,343.3333333,809,0,0,1030,2427,1,Aran,0
35,Aran/021021.xml,35,4.685,1729,5695,280.5,808,0,0,561,1616,1,Aran,0
31,Barbara/020708.xml,31,6.01,1177,2434,190,359,0,0,190,359,1,Barbara,0
33,Barbara/020912.xml,33,4.03,596,3234,73,510,0,0,73,510,1,Barbara,0
35,Barbara/021028.xml,35,4.14,215,499,35,76,0,0,35,76,1,Barbara,0
39,Barbara/030219.xml,39,5.22,608,1877,78.5,314,0.5,1,157,628,0.993630573,Barbara,0.636942675
41,Barbara/030420.xml,41,4.38,437.5,2517.5,58.5,385,2,4,117,770,0.965811966,Barbara,3.418803419
42,Barbara/030609.xml,42,5.23,1231,1230,116,192,1,1,116,192,0.99137931,Barbara,0.862068966
43,Barbara/030713.xml,43,6.47,869,2253,113,363,0,0,113,363,1,Barbara,0
45,Barbara/030910.xml,45,6.08,960,2591,120,424,0,0,120,424,1,Barbara,0
47,Barbara/031105.xml,47,5.58,745,4216,149,669,1,1,149,669,0.993288591,Barbara,0.67114094
50,Barbara/040118.xml,50,6.34,286,1818,46,290,0,0,46,290,1,Barbara,0
24,Becky/020014.xml,24,1.53,938,3668,25,522,0,0,25,522,1,Becky,0
25,Becky/020028.xml,25,1.72,1016,3691,17.5,544.5,0,0,35,1089,1,Becky,0
26,Becky/020124.xml,26,1.896666667,1106,3796.666667,39,574.6666667,0.333333333,1,117,1724,0.991452991,Becky,0.854700855
27,Becky/020222.xml,27,2.363333333,1328.333333,3309.333333,93.33333333,499.6666667,0.333333333,1,280,1499,0.996428571,Becky,0.357142857
28,Becky/020320.xml,28,2.455,1589.5,3142,193,465.5,0,0,386,931,1,Becky,0
29,Becky/020419.xml,29,2.97,1773.75,2577.5,195.25,395,1,4,781,1580,0.994878361,Becky,0.512163892
30,Becky/020529.xml,30,3.44,2066.5,2686,244,337,1,2,488,674,0.995901639,Becky,0.409836066
31,Becky/020619.xml,31,3.5425,2091.75,2216,257.75,337.75,4,16,1031,1351,0.984481086,Becky,1.551891368
32,Becky/020726.xml,32,3.62,1875,2425.5,301.5,383.5,4.5,9,603,767,0.985074627,Becky,1.492537313
33,Becky/020816.xml,33,3.405,2189,2702,336.75,417,0.75,3,1347,1668,0.997772829,Becky,0.222717149
34,Becky/021011.xml,34,3.45,2490,2737.5,308,391.5,0.5,1,616,783,0.998376623,Becky,0.162337662
35,Becky/021025.xml,35,3.735,2225.75,2595,289.25,390.25,1.25,5,1157,1561,0.995678479,Becky,0.432152118
21,Carl/010913.xml,21,2.85,1807,3379,28,341,0,0,28,341,1,Carl,0
22,Carl/010922.xml,22,2.445,1401,2883,33.5,299.5,0,0,67,599,1,Carl,0
23,Carl/011019.xml,23,2.3375,1335.5,3039.5,33.75,359,0.25,1,135,1436,0.992592593,Carl,0.740740741
24,Carl/011122.xml,24,2.66,1672.333333,2400,63.66666667,257.6666667,1,3,191,773,0.984293194,Carl,1.570680628
25,Carl/020026.xml,25,2.705,1411.5,2228.5,68.5,262.5,0.5,1,137,525,0.99270073,Carl,0.729927007
26,Carl/020116.xml,26,3.073333333,1864.666667,2315.666667,187,310.3333333,4.333333333,13,561,931,0.976827094,Carl,2.317290553
27,Carl/020222.xml,27,3.713333333,2591.333333,2830.666667,255.3333333,375.3333333,0.333333333,1,766,1126,0.998694517,Carl,0.130548303
28,Carl/020319.xml,28,3.466666667,2097.666667,2529.333333,189.6666667,306.3333333,1,3,569,919,0.994727592,Carl,0.527240773
29,Carl/020508.xml,29,4.11,2618.5,2607.5,291.5,329.5,0.5,1,583,659,0.998284734,Carl,0.171526587
30,Carl/020520.xml,30,3.95,3072,2345.5,316.5,297.5,1,2,633,595,0.996840442,Carl,0.315955766
31,Carl/020619.xml,31,3.986666667,2729.666667,2071.333333,289.3333333,287,1.666666667,5,868,861,0.994239631,Carl,0.576036866
32,Carl/020801.xml,32,3.793333333,2335.666667,2244.333333,265,314.3333333,0.666666667,2,795,943,0.997484277,Carl,0.251572327
45,Conor/030904.xml,45,4.26,669,4748,118,734,0,0,118,734,1,Conor,0
46,Conor/031010.xml,46,1.87,33,4169,2,629,0,0,2,629,1,Conor,0
47,Conor/031022.xml,47,4.25,501,3181,51,524,0,0,51,524,1,Conor,0
48,Conor/040010.xml,48,5.71,552,6510,79,1027,3,3,79,1027,0.962025316,Conor,3.797468354
49,Conor/040024a.xml,49,4.645,1860.5,2135,244.5,267,1,2,489,534,0.99591002,Conor,0.408997955
50,Conor/040121.xml,50,5.48,1316,6753,182,1077,4,4,182,1077,0.978021978,Conor,2.197802198
51,Conor/040220.xml,51,4.61,1556,341,182,46,1,1,182,46,0.994505495,Conor,0.549450549
52,Conor/040317.xml,52,5.17,1548.5,4598,213.5,710.5,2,4,427,1421,0.990632319,Conor,0.93676815
54,Conor/040522.xml,54,4.545,1008,3687,141,594,0,0,282,1188,1,Conor,0
43,Courtney/030618.xml,43,5.13,1368,2169,211,317,0,0,211,317,1,Courtney,0
44,Courtney/030724.xml,44,6.28,962,944,175,135,0,0,175,135,1,Courtney,0
45,Courtney/030904.xml,45,6,1831,2002,268,287,6,6,268,287,0.97761194,Courtney,2.23880597
47,Courtney/031100.xml,47,5.28,1307,4115,156,569,0,0,156,569,1,Courtney,0
48,Courtney/040011.xml,48,6.16,2304,1311,307,175,0,0,307,175,1,Courtney,0
25,David/020101.xml,25,2.67,392,181,17,26,0,0,17,26,1,David,0
26,David/020122.xml,26,2.32,322,3136,16,537,0,0,16,537,1,David,0
27,David/020219.xml,27,2.72,301,1637,24,246,0,0,24,246,1,David,0
32,David/020721.xml,32,3.74,318,2333,42,383,0,0,42,383,1,David,0
33,David/020824.xml,33,4.42,993,1562,111,255,2,2,111,255,0.981981982,David,1.801801802
36,David/030002.xml,36,3.41,588,1992,86,308,0,0,86,308,1,David,0
40,David/030325.xml,40,4.89,751,1556,106,245,0,0,106,245,1,David,0
42,David/030524.xml,42,5.12,75,1032,3,154,0,0,3,154,1,David,0
44,David/030811.xml,44,4.84,82,895,10,103,0,0,10,103,1,David,0
47,David/031111.xml,47,5.93,1320,3071,233,562,0,0,233,562,1,David,0
49,David/040028.xml,49,6.23,1111,0,162,0,1,1,162,0,0.99382716,David,0.617283951
50,David/040203.xml,50,6.41,1059,0,169,0,0,0,169,0,1,David,0
24,Dominic/011117.xml,24,1.576666667,853.6666667,3751.333333,27.66666667,502.3333333,0,0,83,1507,1,Dominic,0
25,Dominic/020021.xml,25,1.783333333,977.3333333,3702.333333,55.33333333,491,0,0,166,1473,1,Dominic,0
26,Dominic/020119.xml,26,2.025,817.5,2827.75,51.25,394,0.25,1,205,1576,0.995121951,Dominic,0.487804878
27,Dominic/020216.xml,27,2.483333333,1309.666667,3640.666667,112.6666667,523.3333333,0,0,338,1570,1,Dominic,0
28,Dominic/020328.xml,28,2.54,1686.666667,4517.666667,161,646.6666667,0.666666667,2,483,1940,0.995859213,Dominic,0.414078675
29,Dominic/020425.xml,29,2.776666667,1574,3842.666667,115.6666667,576,0.333333333,1,347,1728,0.997118156,Dominic,0.288184438
30,Dominic/020522.xml,30,3.18,1844.333333,3684,249,531.6666667,3,9,747,1595,0.987951807,Dominic,1.204819277
31,Dominic/020620.xml,31,3.68,2259,3638,251.5,524,2.5,5,503,1048,0.990059642,Dominic,0.994035785
32,Dominic/020717.xml,32,3.823333333,2331.333333,3728.666667,288,538.3333333,4.666666667,14,864,1615,0.983796296,Dominic,1.62037037
33,Dominic/020822.xml,33,3.03,1475.5,4180.5,164,627.5,3.5,7,328,1255,0.978658537,Dominic,2.134146341
34,Dominic/020919.xml,34,3.326666667,1697.333333,4026.666667,197.3333333,591,2.333333333,7,592,1773,0.988175676,Dominic,1.182432432
35,Dominic/021016.xml,35,3.5,1075,4339,122,710,1,1,122,710,0.991803279,Dominic,0.819672131
24,Eleanor/020003a.xml,24,2.927777778,910.7777778,2586.944444,108.3888889,310.2222222,0.444444444,8,1951,5584,0.995899539,Eleanor,0.41004613
25,Eleanor/020016a.xml,25,3.008076923,1004.769231,2382.5,113.0384615,269.1923077,0.384615385,10,2939,6999,0.996597482,Eleanor,0.340251786
26,Eleanor/020200a.xml,26,3.002222222,1350,2403.333333,168.8888889,294.4444444,0.444444444,4,1520,2650,0.997368421,Eleanor,0.263157895
27,Eleanor/020300a.xml,27,2.908888889,899.4444444,1951.444444,107.4444444,244.6666667,0.444444444,4,967,2202,0.995863495,Eleanor,0.413650465
28,Eleanor/020400a.xml,28,2.86625,1141.125,2608.625,137.25,344,0.25,2,1098,2752,0.998178506,Eleanor,0.182149362
29,Eleanor/020500b.xml,29,3.18,1370.625,2402.125,174.875,340,0.25,2,1399,2720,0.998570407,Eleanor,0.142959257
30,Eleanor/020600a.xml,30,3.047142857,1106.428571,2847.857143,132.2857143,408.5714286,0.142857143,1,926,2860,0.998920086,Eleanor,0.107991361
31,Eleanor/020702a.xml,31,3.082222222,1019.444444,2254.888889,135.3333333,313.5555556,0.666666667,6,1218,2822,0.995073892,Eleanor,0.492610837
32,Eleanor/020800a.xml,32,3.14375,1437.375,2558.25,184.5,341.875,0.5,4,1476,2735,0.997289973,Eleanor,0.27100271
33,Eleanor/020901a.xml,33,3.134,949,2722.7,119,381.7,0.2,2,1190,3817,0.998319328,Eleanor,0.168067227
34,Eleanor/021001a.xml,34,3.385555556,1375.333333,2434.222222,193,315.4444444,0.555555556,5,1737,2839,0.997121474,Eleanor,0.287852619
35,Eleanor/021101b.xml,35,3.348,1413.1,3124.9,201,403.9,0.1,1,2010,4039,0.999502488,Eleanor,0.049751244
36,Eleanor/030000a.xml,36,3.3256,1403.04,2502,198.92,348.68,0.4,10,4973,8717,0.997989141,Eleanor,0.201085864
37,Eleanor/030016a.xml,37,3.523181818,1700.818182,2540.5,236.4545455,372.9090909,0.363636364,8,5202,8204,0.99846213,Eleanor,0.153787005
24,Fraser/020001a.xml,24,2.2865,1229.95,2338.05,44.05,268.1,0.15,3,881,5362,0.996594779,Fraser,0.340522134
25,Fraser/020016a.xml,25,2.646842105,1451.157895,2235.657895,47.26315789,272.3157895,0.263157895,10,1796,10348,0.994432071,Fraser,0.556792873
26,Fraser/020201a.xml,26,2.619,1563.4,2749.7,99.1,348.1,1.2,12,991,3481,0.987891019,Fraser,1.210898083
27,Fraser/020300a.xml,27,3.084,2080.8,3170.1,186.3,425.8,0.7,7,1863,4258,0.996242619,Fraser,0.375738057
28,Fraser/020401.xml,28,3.769,1836.1,3234.3,207.2,441,0.8,8,2072,4410,0.996138996,Fraser,0.386100386
29,Fraser/020500a.xml,29,4.013,2460.9,3464.3,246.4,514.6,1.1,11,2464,5146,0.995535714,Fraser,0.446428571
30,Fraser/020601a.xml,30,3.908,2097.9,3627.9,248.9,539.5,0.4,4,2489,5395,0.998392929,Fraser,0.160707111
31,Fraser/020700.xml,31,3.677,1897,3581.1,237.3,539.6,0.9,9,2373,5396,0.996207332,Fraser,0.379266751
32,Fraser/020801.xml,32,3.672222222,1691.666667,3290.444444,188.2222222,511.8888889,0.333333333,3,1694,4607,0.998229044,Fraser,0.177095632
33,Fraser/020903a.xml,33,3.958,1818.7,3565,212.8,540.8,0.8,8,2128,5408,0.996240602,Fraser,0.37593985
34,Fraser/021000a.xml,34,4.3,2024.5,3610,259.3,571.1,0.5,5,2593,5711,0.998071732,Fraser,0.192826841
35,Fraser/021100a.xml,35,4.148,2108.4,4016.4,253,568.8,0.6,6,2530,5688,0.997628458,Fraser,0.23715415
36,Fraser/030000a.xml,36,4.680909091,2488.772727,4121.590909,297.3181818,597.2727273,0.5,11,6541,13140,0.9983183,Fraser,0.168170005
37,Fraser/030016a.xml,37,4.238076923,2218.346154,3857.692308,271.7307692,562.5,0.730769231,19,7065,14625,0.997310686,Fraser,0.268931352
25,Gail/020019.xml,25,2.3475,971.25,3095,62.75,473.5,0.5,2,251,1894,0.992031873,Gail,0.796812749
26,Gail/020205.xml,26,2.835,1178.5,3579.5,55.5,503.5,0.5,1,111,1007,0.990990991,Gail,0.900900901
27,Gail/020226.xml,27,3.06,1249.666667,3653,109.3333333,572.6666667,0.666666667,2,328,1718,0.993902439,Gail,0.609756098
28,Gail/020317.xml,28,3.283333333,1380.333333,2648,127.6666667,380.3333333,4,12,383,1141,0.968668407,Gail,3.133159269
29,Gail/020421.xml,29,3.25,1596,2415.5,198.5,392,8,16,397,784,0.959697733,Gail,4.0302267
30,Gail/020518.xml,30,2.976666667,1167.666667,2733.333333,144.6666667,404.6666667,1.666666667,5,434,1214,0.988479263,Gail,1.152073733
31,Gail/020616.xml,31,3.44,1273,2462.25,180.5,403,3,12,722,1612,0.983379501,Gail,1.662049861
32,Gail/020720.xml,32,3.533333333,1448.333333,3751,170.6666667,593.3333333,2,6,512,1780,0.98828125,Gail,1.171875
33,Gail/020828.xml,33,3.38,1148.5,2396,162.5,394.5,1,2,325,789,0.993846154,Gail,0.615384615
34,Gail/020925.xml,34,3.91,1227.333333,2946.666667,165.3333333,453.6666667,0.666666667,2,496,1361,0.995967742,Gail,0.403225806
35,Gail/021029.xml,35,4.093333333,1382,3454,211.3333333,518.3333333,1,3,634,1555,0.995268139,Gail,0.47318612
24,Joel/011122.xml,24,1.83,772.6666667,3762,33,557.3333333,0,0,99,1672,1,Joel,0
25,Joel/020026.xml,25,1.97,712.6666667,2750,41.66666667,398.3333333,0.666666667,2,125,1195,0.984,Joel,1.6
26,Joel/020123.xml,26,2.43,977.6666667,3247,68.66666667,475.6666667,0,0,206,1427,1,Joel,0
27,Joel/020221.xml,27,2.48,901.6666667,3195,75.33333333,427,0.666666667,2,226,1281,0.991150442,Joel,0.884955752
28,Joel/020325.xml,28,2.82,926.5,3313.5,106.5,452,1,2,213,904,0.990610329,Joel,0.938967136
29,Joel/020422.xml,29,2.9875,1328,2894.25,140.25,382.75,2,8,561,1531,0.98573975,Joel,1.426024955
30,Joel/020526.xml,30,3.153333333,1242,2673.333333,137.3333333,358.3333333,1,3,412,1075,0.992718447,Joel,0.72815534
31,Joel/020619.xml,31,3.383333333,2136.333333,3296.333333,266.3333333,470,0.666666667,2,799,1410,0.997496871,Joel,0.250312891
32,Joel/020716.xml,32,3.14,2177.666667,3247.666667,254.6666667,464.6666667,0.333333333,1,764,1394,0.998691099,Joel,0.130890052
33,Joel/020823.xml,33,3.303333333,1601.333333,3102.333333,228,415.6666667,0.666666667,2,684,1247,0.997076023,Joel,0.292397661
34,Joel/020920.xml,34,3.52,2006,3225,278.6666667,443.3333333,0.333333333,1,836,1330,0.998803828,Joel,0.119617225
24,John/020013.xml,24,2.14,839,3424,34,403,0,0,34,403,1,John,0
25,John/020018.xml,25,2.09,819,2424,38.33333333,286.3333333,0,0,115,859,1,John,0
26,John/020117.xml,26,2.206666667,776.6666667,2394.666667,49,309,0,0,147,927,1,John,0
27,John/020221.xml,27,2.323333333,819.3333333,2336.666667,53.33333333,290.3333333,1,3,160,871,0.98125,John,1.875
28,John/020319.xml,28,2.47,1018.5,2456,56,301,0.5,1,112,602,0.991071429,John,0.892857143
29,John/020429.xml,29,2.545,1089.5,2579.5,48,353.5,0,0,96,707,1,John,0
30,John/020520.xml,30,2.726666667,1034.333333,2367.666667,50.33333333,313.3333333,1,3,151,940,0.98013245,John,1.986754967
31,John/020620.xml,31,2.636666667,802.6666667,2215,65.33333333,306,0,0,196,918,1,John,0
32,John/020724.xml,32,3.436666667,1218.666667,2206.666667,81.33333333,285.6666667,0,0,244,857,1,John,0
33,John/020821.xml,33,3.623333333,1005,2661.333333,119.6666667,382.3333333,0,0,359,1147,1,John,0
34,John/020919.xml,34,3.38,1243,2944,139,367,0.5,1,278,734,0.996402878,John,0.35971223
35,John/021017.xml,35,3.125,810,2486.5,91,313,0,0,182,626,1,John,0
44,Johnny/030730.xml,44,4.45,1156,716,198,113,1,1,198,113,0.994949495,Johnny,0.505050505
45,Johnny/030911.xml,45,4.27,957,818,132,119,1,1,132,119,0.992424242,Johnny,0.757575758
47,Johnny/031024.xml,47,3.93,1137,328,122,44,0,0,122,44,1,Johnny,0
48,Johnny/040012.xml,48,4.14,1002,428,127,47,0,0,127,47,1,Johnny,0
52,Johnny/040401.xml,52,4.32,1610,602,183,93,2,2,183,93,0.989071038,Johnny,1.092896175
22,Lara/011007.xml,22,2.04,839,2004,16,210,1,1,16,210,0.9375,Lara,6.25
23,Lara/011018.xml,23,2.0625,845.5,2243.5,12.75,300.25,0.5,2,51,1201,0.960784314,Lara,3.921568627
24,Lara/011126.xml,24,2.315,381.25,1182.75,31.25,160.25,0.5,2,125,641,0.984,Lara,1.6
25,Lara/020017.xml,25,2.345,472,1194,32.75,151,0.5,2,131,604,0.984732824,Lara,1.526717557
26,Lara/020116.xml,26,2.85875,754.25,1606.25,69,222.5,0.5,4,552,1780,0.992753623,Lara,0.724637681
27,Lara/020217.xml,27,2.986666667,540,1094,53.66666667,162.6666667,0,0,161,488,1,Lara,0
28,Lara/020316.xml,28,3.31,754,1936.5,85.5,253,0,0,171,506,1,Lara,0
29,Lara/020416.xml,29,3.235,376.5,1254.5,54.5,180.75,0,0,218,723,1,Lara,0
30,Lara/020525.xml,30,3.343333333,489.6666667,1572,71.33333333,210,1,3,214,630,0.985981308,Lara,1.401869159
31,Lara/020616.xml,31,3.675384615,995.3846154,1954.769231,156.6153846,268.6153846,0.076923077,1,2036,3492,0.999508841,Lara,0.049115914
32,Lara/020725.xml,32,4.016363636,1062.636364,2588.181818,169.1818182,368,1.090909091,12,1861,4048,0.993551854,Lara,0.644814616
33,Lara/020823.xml,33,4.041666667,2394.166667,4698.833333,352.1666667,667.8333333,1.333333333,8,2113,4007,0.996213914,Lara,0.378608613
34,Lara/020926.xml,34,3.947777778,1738.333333,3270.888889,278.3333333,457.5555556,0.222222222,2,2505,4118,0.999201597,Lara,0.079840319
35,Lara/021019.xml,35,4.2725,1256.166667,2018.833333,194.8333333,302,0.333333333,4,2338,3624,0.998289136,Lara,0.171086399
36,Lara/021120.xml,36,4.141428571,1137.428571,2353.714286,170.6428571,328.5,0.928571429,13,2389,4599,0.994558393,Lara,0.544160737
37,Lara/030016.xml,37,4.458,3028.8,5045.8,452.2,701.8,0,0,2261,3509,1,Lara,0
38,Lara/030116.xml,38,4.381428571,2188.142857,3273.714286,357.8571429,479.5714286,1,7,2505,3357,0.997205589,Lara,0.279441118
39,Lara/030218.xml,39,4.523333333,1961.333333,2878.333333,299.8333333,381.1666667,0,0,1799,2287,1,Lara,0
40,Lara/030316.xml,40,4.313333333,1590.666667,2311,267,354.6666667,0,0,801,1064,1,Lara,0
24,Liz/020007.xml,24,1.97,1016.5,3016.5,50,425,0,0,100,850,1,Liz,0
25,Liz/020021.xml,25,2.216666667,1045.333333,2532.666667,49,334.6666667,0.666666667,2,147,1004,0.986394558,Liz,1.360544218
26,Liz/020125.xml,26,2.536666667,1161.333333,2545,92,345,1,3,276,1035,0.989130435,Liz,1.086956522
27,Liz/020223.xml,27,2.943333333,1178,2396.333333,119.6666667,316.3333333,1,3,359,949,0.991643454,Liz,0.835654596
28,Liz/020327.xml,28,3.37,1548.666667,2559,228,345.3333333,2,6,684,1036,0.99122807,Liz,0.877192982
29,Liz/020424.xml,29,3.276666667,1333.333333,2507.333333,175,330,0.666666667,2,525,990,0.996190476,Liz,0.380952381
30,Liz/020522.xml,30,4.013333333,1320,2212.666667,194,310.6666667,3,9,582,932,0.984536082,Liz,1.546391753
31,Liz/020626.xml,31,4.07,1286,1685,178,241.5,1,2,356,483,0.994382022,Liz,0.561797753
32,Liz/020717.xml,32,4.256666667,1192,2073,190.6666667,312.6666667,1,3,572,938,0.994755245,Liz,0.524475524
33,Liz/020821.xml,33,4.43,1318.333333,2024.666667,211,279.3333333,0.333333333,1,633,838,0.998420221,Liz,0.157977883
34,Liz/020918.xml,34,4.11,1012.333333,1462,169,213.6666667,0,0,507,641,1,Liz,0
35,Liz/021018.xml,35,4.79,1451,1459,258,211,0,0,258,211,1,Liz,0
32,Michelle/020726.xml,32,4.84,879,2267,130,336,0,0,130,336,1,Michelle,0
34,Michelle/021014.xml,34,4.03,140,2147,21,300,0,0,21,300,1,Michelle,0
35,Michelle/021026.xml,35,4.315,822,2043.5,114.5,314,1.5,3,229,628,0.986899563,Michelle,1.310043668
38,Michelle/030127.xml,38,4.07,406,3192,60,491,1,1,60,491,0.983333333,Michelle,1.666666667
40,Michelle/030325.xml,40,4.81,73,2863,9,471,0,0,9,471,1,Michelle,0
43,Michelle/030621.xml,43,6.2,2020,682,369,108,6,6,369,108,0.983739837,Michelle,1.62601626
47,Michelle/031021.xml,47,5.693333333,965.3333333,1393.333333,168.6666667,203.3333333,4,12,506,610,0.976284585,Michelle,2.371541502
51,Michelle/040225.xml,51,6.87,3820,1633,535,245,4,4,535,245,0.992523364,Michelle,0.747663551
53,Michelle/040419.xml,53,6.34,2235,1018,411,146,5,5,411,146,0.98783455,Michelle,1.216545012
25,Nicole/020115.xml,25,1.38,951,3692,14,530,0,0,14,530,1,Nicole,0
26,Nicole/020122.xml,26,1.573333333,664.6666667,3906.666667,11.66666667,545.3333333,0,0,35,1636,1,Nicole,0
27,Nicole/020227.xml,27,1.725,825.5,4067.5,14.5,615,0,0,29,1230,1,Nicole,0
28,Nicole/020317.xml,28,1.7,832.5,3553.5,33.5,513,0,0,67,1026,1,Nicole,0
29,Nicole/020418.xml,29,1.895,813.75,3456.75,44.75,498.5,0,0,179,1994,1,Nicole,0
30,Nicole/020526.xml,30,2.335,1279.5,1778.5,63,273.5,0,0,126,547,1,Nicole,0
31,Nicole/020616.xml,31,2.492,1168.6,3868.8,52.6,585.2,0.6,3,263,2926,0.988593156,Nicole,1.140684411
33,Nicole/020730.xml,33,2.5825,1195.75,3716.75,78.5,565.75,2.75,11,314,2263,0.964968153,Nicole,3.503184713
34,Nicole/020917.xml,34,2.73,1471.333333,3508.666667,101.3333333,524.6666667,2.333333333,7,304,1574,0.976973684,Nicole,2.302631579
35,Nicole/021022.xml,35,2.926666667,1065,3386.333333,95.66666667,513.6666667,0.666666667,2,287,1541,0.993031359,Nicole,0.696864111
36,Nicole/021118.xml,36,3.3,1668,3443,219.6666667,511.3333333,9.333333333,28,659,1534,0.957511381,Nicole,4.248861912
32,Rachel/020727.xml,32,4.69,591,2011,49,273,1,1,49,273,0.979591837,Rachel,2.040816327
33,Rachel/020830.xml,33,5.33,1346,2137.5,155,293,19.5,39,310,586,0.874193548,Rachel,12.58064516
34,Rachel/020916.xml,34,5.71,348,618,55,73,0,0,55,73,1,Rachel,0
35,Rachel/021100.xml,35,5.39,1155,2531,112,330,1,1,112,330,0.991071429,Rachel,0.892857143
38,Rachel/030203.xml,38,6.33,530,3899,79,490,0,0,79,490,1,Rachel,0
44,Stuart/030720.xml,44,4.84,1151,121,168,18,5,5,168,18,0.970238095,Stuart,2.976190476
45,Stuart/030826.xml,45,5.21,3522,3554,521,511,5,5,521,511,0.990403071,Stuart,0.959692898
46,Stuart/031002.xml,46,5.69,1946,2264,220.5,315,3,6,441,630,0.986394558,Stuart,1.360544218
47,Stuart/031016.xml,47,4.51,1517,2438,243,363,3,3,243,363,0.987654321,Stuart,1.234567901
49,Stuart/040106.xml,49,5.62,826,1133,126,149,0,0,126,149,1,Stuart,0
52,Stuart/040401.xml,52,6.025,1765,1316.5,275.5,213,1.5,3,551,426,0.994555354,Stuart,0.54446461
53,Stuart/040504.xml,53,4.82,1269,2083,190,301,0,0,190,301,1,Stuart,0
25,Thomas/020016.xml,25,1.93952381,749.1904762,3849.52381,7.523809524,430.1428571,0.285714286,6,158,9033,0.962025316,Thomas,3.797468354
26,Thomas/020116.xml,26,1.996521739,803.5217391,4812.347826,5.391304348,546.2608696,0.043478261,1,124,12564,0.991935484,Thomas,0.806451613
27,Thomas/020218.xml,27,2.599,910.5,4620.3,7.75,559.7,0,0,155,11194,1,Thomas,0
28,Thomas/020316.xml,28,2.576521739,1128.130435,4472.434783,19,555.4782609,0.086956522,2,437,12776,0.995423341,Thomas,0.457665904
29,Thomas/020416.xml,29,2.730952381,1152.952381,4528.428571,28.33333333,560.8571429,0.047619048,1,595,11778,0.998319328,Thomas,0.168067227
30,Thomas/020516.xml,30,2.83125,1007.0625,4514,29.3125,549.5625,0.25,4,469,8793,0.991471215,Thomas,0.852878465
31,Thomas/020616.xml,31,2.969583333,1185.291667,4261.5,44.91666667,514.4583333,0.25,6,1078,12347,0.994434137,Thomas,0.556586271
32,Thomas/020716.xml,32,3.172105263,1358.263158,4224.736842,66.15789474,507.7368421,0.210526316,4,1257,9647,0.99681782,Thomas,0.318217979
33,Thomas/020821.xml,33,3.551578947,1530.684211,5048.368421,133.3157895,657.3684211,1.842105263,35,2533,12490,0.986182392,Thomas,1.381760758
34,Thomas/020917.xml,34,3.9255,1673.25,5299.4,152.2,669.65,0.75,15,3044,13393,0.995072273,Thomas,0.492772668
35,Thomas/021020.xml,35,4.26,1578.789474,5259.578947,157.1578947,691.5263158,1.578947368,30,2986,13139,0.989953115,Thomas,1.004688547
36,Thomas/021118.xml,36,4.2,1476.882353,4898,161.5294118,619.6470588,0.647058824,11,2746,10534,0.995994173,Thomas,0.400582666
37,Thomas/030016.xml,37,4.144705882,1594.411765,6062.235294,162.0588235,780.1176471,0.823529412,14,2755,13262,0.99491833,Thomas,0.508166969
38,Thomas/030116.xml,38,3.981666667,1648.611111,4685.833333,172.7777778,616.2777778,0.611111111,11,3110,11093,0.996463023,Thomas,0.353697749
39,Thomas/030302.xml,39,4.602,2019.8,5729.2,252.2,732.6,1,5,1261,3663,0.996034893,Thomas,0.396510706
40,Thomas/030400.xml,40,4.762,2222.6,5359.6,319.8,694.4,1,5,1599,3472,0.996873046,Thomas,0.312695435
41,Thomas/030502.xml,41,4.855,2243.25,4981.75,329.75,671,0.5,2,1319,2684,0.9984837,Thomas,0.151630023
42,Thomas/030600.xml,42,5.268,2371.2,5350,336.2,620.4,0.6,3,1681,3102,0.998215348,Thomas,0.178465199
43,Thomas/030701.xml,43,5.174,2198.2,4700,312.2,605.2,0,0,1561,3026,1,Thomas,0
44,Thomas/030801.xml,44,4.896,1734.8,4462,235.2,522.2,0.6,3,1176,2611,0.99744898,Thomas,0.255102041
45,Thomas/030901.xml,45,5.006,1825.6,5121.2,255.6,639,0.2,1,1278,3195,0.999217527,Thomas,0.078247261
46,Thomas/031000.xml,46,4.984,1663.8,4550.6,227.6,546.8,0.2,1,1138,2734,0.999121265,Thomas,0.087873462
47,Thomas/031102.xml,47,5.3375,1781.5,5186.25,249.75,672.25,0,0,999,2689,1,Thomas,0
48,Thomas/040002.xml,48,4.93,1356,3873.5,154.5,495.75,0.25,1,618,1983,0.998381877,Thomas,0.161812298
49,Thomas/040100.xml,49,4.788,2419.4,4853.6,308.4,599,0.6,3,1542,2995,0.998054475,Thomas,0.194552529
50,Thomas/040201.xml,50,4.972,1808.2,4910.6,217.2,586.2,0,0,1086,2931,1,Thomas,0
51,Thomas/040300.xml,51,4.698,1744.4,5269.6,211.6,683.2,0,0,1058,3416,1,Thomas,0
52,Thomas/040400.xml,52,4.956,1954.4,4443.8,247.6,581.4,0.6,3,1238,2907,0.997576737,Thomas,0.242326333
53,Thomas/040503.xml,53,5.234,1934.8,5218.8,256.2,686,2.6,13,1281,3430,0.989851678,Thomas,1.014832162
54,Thomas/040601.xml,54,5.0125,2350.75,6140.75,283.25,833.5,1,4,1133,3334,0.99646955,Thomas,0.353045013
55,Thomas/040701.xml,55,4.5975,2533.75,5280,302,610.25,0.75,3,1208,2441,0.997516556,Thomas,0.248344371
56,Thomas/040800.xml,56,4.886,2478.4,5288,308.6,622.2,1.2,6,1543,3111,0.996111471,Thomas,0.388852884
57,Thomas/040904.xml,57,5.084,2134.4,5384.8,247,681.2,0,0,1235,3406,1,Thomas,0
58,Thomas/041004.xml,58,4.828,2199,5093,284.6,667.8,0.6,3,1423,3339,0.997891778,Thomas,0.210822207
59,Thomas/041100.xml,59,4.905,2095.5,5310,249,692,0.25,1,996,2768,0.998995984,Thomas,0.100401606
60,Thomas/041120.xml,60,5.97,2367,6419,282,813,0,0,282,813,1,Thomas,0
23,Warren/011029.xml,23,2.41,814.5,3030,59.5,366.5,0,0,119,733,1,Warren,0
24,Warren/011126.xml,24,2.47,1037,3900.5,76.5,473,0.5,1,153,946,0.993464052,Warren,0.653594771
25,Warren/020017.xml,25,2.895,1053.25,3673,66.75,430,4.5,18,267,1720,0.93258427,Warren,6.741573034
26,Warren/020128.xml,26,3.313333333,1283.333333,3589,62.66666667,431,1.333333333,4,188,1293,0.978723404,Warren,2.127659574
27,Warren/020218.xml,27,3.456666667,1517.666667,3457.333333,99.33333333,422.6666667,4.333333333,13,298,1268,0.956375839,Warren,4.362416107
28,Warren/020325.xml,28,3.426666667,1315.666667,3519.666667,113.3333333,455.6666667,0,0,340,1367,1,Warren,0
29,Warren/020422.xml,29,3.97,1398,2912,110,339.5,1,2,220,679,0.990909091,Warren,0.909090909
30,Warren/020520.xml,30,4.58,1817.666667,3229.333333,159.3333333,416.3333333,2.333333333,7,478,1249,0.985355649,Warren,1.464435146
31,Warren/020623.xml,31,4.018333333,1284.666667,2040.833333,111.6666667,272.3333333,7.333333333,44,670,1634,0.934328358,Warren,6.567164179
32,Warren/020721.xml,32,3.64,1602,3767,149,495,2.5,5,298,990,0.983221477,Warren,1.677852349
33,Warren/020816.xml,33,4.555,2226,3629,228.5,468,0.5,1,457,936,0.997811816,Warren,0.218818381
34,Warren/020916.xml,34,4.42,1604,3903.5,186.5,523.5,0.5,1,373,1047,0.997319035,Warren,0.268096515
22,Peter/010925.xml,22,2.655,1765,211.5,46.5,33,0,0,93,66,1,Peter,0
23,Peter/011105.xml,23,1.47,1342,25,33,3,0,0,33,3,1,Peter,0
24,Peter/011117.xml,24,3.035,2408.5,264.5,98,43.5,0.5,1,196,87,0.994897959,Peter,0.510204082
25,Peter/020100.xml,25,4.09,4014,732,204,99,26,26,204,99,0.87254902,Peter,12.74509804
26,Peter/020118.xml,26,4.73,4247.5,597,291,79,11.5,23,582,158,0.9604811,Peter,3.951890034
27,Peter/020303.xml,27,2.83,2661,360,176,47,8,8,176,47,0.954545455,Peter,4.545454545
28,Peter/020324.xml,28,4.51,4354,1473,385.5,209,4.5,9,771,418,0.988326848,Peter,1.167315175
29,Peter/020503.xml,29,4.84,4463,2599,391,380,2,2,391,380,0.99488491,Peter,0.511508951
30,Peter/020522.xml,30,5,6039,1014,476,144,1,1,476,144,0.99789916,Peter,0.210084034
31,Peter/020713.xml,31,5.53,7229,1924.5,658,258.5,5.5,11,1316,517,0.991641337,Peter,0.835866261
32,Peter/020812.xml,32,5.54,9624,1065,958,137,3,3,958,137,0.996868476,Peter,0.313152401
33,Peter/020915.xml,33,5.65,6416,368,662,36,0,0,662,36,1,Peter,0
35,Peter/021019.xml,35,6.66,9365,1244,834,184,2,2,834,184,0.997601918,Peter,0.239808153
38,Peter/030120.xml,38,5.42,7627,751,927,102,3,3,927,102,0.996763754,Peter,0.323624595
17,Laura/010511.xml,17,1.455,155.5,731.75,6.75,80.5,0.25,1,27,322,0.962962963,Laura,3.703703704
18,Laura/010519.xml,18,1.448571429,126.0714286,495.4285714,4.714285714,58.28571429,0.142857143,2,66,816,0.96969697,Laura,3.03030303
19,Laura/010616a.xml,19,1.841818182,119.3636364,426.2727273,8.181818182,57.27272727,0.363636364,4,90,630,0.955555556,Laura,4.444444444
20,Laura/010717.xml,20,2.048,175.4,666,16.2,81.4,0,0,81,407,1,Laura,0
21,Laura/010819.xml,21,2.632,274.4,599,36,69.4,0.2,1,180,347,0.994444444,Laura,0.555555556
22,Laura/010916.xml,22,2.218333333,136.5,322.5,18.16666667,45.16666667,1.166666667,7,109,271,0.935779817,Laura,6.422018349
23,Laura/011019.xml,23,2.76625,304.5,765.125,46.125,108.5,1.375,11,369,868,0.970189702,Laura,2.98102981
24,Laura/011116.xml,24,2.98,264.5555556,466.7777778,45.88888889,67.33333333,2.666666667,24,413,606,0.94188862,Laura,5.811138015
25,Laura/020017.xml,25,2.791666667,145.5,356.1666667,25.16666667,52,0.5,3,151,312,0.98013245,Laura,1.986754967
26,Laura/020119.xml,26,3.323076923,233.8461538,451.1538462,38.92307692,55.92307692,0.076923077,1,506,727,0.998023715,Laura,0.197628458
27,Laura/020217.xml,27,3.027222222,363.5555556,602.8333333,49.83333333,85.55555556,0.5,9,897,1540,0.989966555,Laura,1.003344482
28,Laura/020323.xml,28,3.222,362.6,650.6,59.8,95,0.4,2,299,475,0.993311037,Laura,0.668896321
29,Laura/020416.xml,29,2.76,395,420.5,58.83333333,64.16666667,0,0,353,385,1,Laura,0
30,Laura/020526.xml,30,3.23875,274.125,301.5,43.25,41.25,0.5,4,346,330,0.988439306,Laura,1.156069364
31,Laura/020616.xml,31,3.955,375.5,620.6666667,57.66666667,92.33333333,0.166666667,1,346,554,0.997109827,Laura,0.289017341
32,Laura/020811.xml,32,3.8,427.5,471.5,80,69.5,0.5,1,160,139,0.99375,Laura,0.625
33,Laura/020819.xml,33,4.02,1000,1507,174,240,0,0,174,240,1,Laura,0
36,Laura/030000.xml,36,3.158571429,193.8571429,214,22.85714286,24.71428571,0,0,160,173,1,Laura,0
37,Laura/030018.xml,37,4.0975,208,230.75,26,28.5,0.5,2,104,114,0.980769231,Laura,1.923076923
38,Laura/030125a.xml,38,4.566666667,786.6666667,1243,106.6666667,153.6666667,0,0,320,461,1,Laura,0
39,Laura/030311.xml,39,4.57,1646,1478,283,231,0,0,283,231,1,Laura,0
40,Laura/030316a.xml,40,3.37,370.3333333,494,52,66,0,0,156,198,1,Laura,0
41,Laura/030422.xml,41,3.68,368,677,53.5,89,0,0,107,178,1,Laura,0
42,Laura/030528a.xml,42,4.324,1359.4,508.4,196,71,0.8,4,980,355,0.995918367,Laura,0.408163265
43,Laura/030616.xml,43,4.384736842,508.1578947,336.4210526,79.57894737,53.63157895,0.105263158,2,1512,1019,0.998677249,Laura,0.132275132
48,Laura/031117.xml,48,4.75,534,58,79,5,0,0,79,5,1,Laura,0
50,Laura/040211a.xml,50,3.956666667,231.6666667,553.3333333,37.33333333,87.33333333,0,0,112,262,1,Laura,0
51,Laura/040217.xml,51,3.93,290.1,547.4,42,69.9,0,0,420,699,1,Laura,0
55,Laura/040711a.xml,55,4.3175,149.25,159,17.5,21.25,0.5,2,70,85,0.971428571,Laura,2.857142857
56,Laura/040718a.xml,56,3.886,235.2,549.4,33.6,72.6,0,0,168,363,1,Laura,0
58,Laura/041000.xml,58,3.99,3107,4738,419,656,0,0,419,656,1,Laura,0
70,Laura/051013.xml,70,5.49,568,55,90,6,1,1,90,6,0.988888889,Laura,1.111111111
77,Laura/060417.xml,77,5.825,1055.5,1328.5,118.5,159,0,0,237,318,1,Laura,0
84,Laura/070014.xml,84,4.15,791,740,105,89,0,0,105,89,1,Laura,0
28,Adam/020318.xml,28,2.663333333,2197.666667,1994,70,237,0.666666667,2,210,711,0.99047619,Adam,0.952380952
29,Adam/020430.xml,29,2.86,2007,1389,90.5,173,1.5,3,181,346,0.983425414,Adam,1.657458564
30,Adam/020603.xml,30,3.38,2369,1803,117,224,1,1,117,224,0.991452991,Adam,0.854700855
31,Adam/020617.xml,31,3.403333333,2365.333333,1888.333333,155.6666667,245.3333333,1,3,467,736,0.993576017,Adam,0.642398287
32,Adam/020801.xml,32,3.55,2508,1544,218,248,3,3,218,248,0.986238532,Adam,1.376146789
33,Adam/020816.xml,33,3.135,1671,1344,113.5,202.5,2,4,227,405,0.982378855,Adam,1.762114537
34,Adam/020918.xml,34,3.35,1823,1405.5,189.5,206,6,12,379,412,0.968337731,Adam,3.166226913
35,Adam/021016.xml,35,3.523333333,2344,1770.666667,398,291,11.33333333,34,1194,873,0.971524288,Adam,2.847571189
36,Adam/021128.xml,36,4.205,3679.5,2382.5,602,368.5,1.5,3,1204,737,0.997508306,Adam,0.249169435
37,Adam/030025.xml,37,4.865,3841,1141.5,595.5,163.5,2.5,5,1191,327,0.995801847,Adam,0.419815281
38,Adam/030126.xml,38,4.34,3279.5,1904,504.5,256.5,0,0,1009,513,1,Adam,0
39,Adam/030221.xml,39,4.605,3806,1535,581.5,243,1.5,3,1163,486,0.997420464,Adam,0.257953568
40,Adam/030318.xml,40,5.155,4110,1918,621.5,259,0.5,1,1243,518,0.999195495,Adam,0.080450523
41,Adam/030418.xml,41,5.086666667,3637.333333,2244,549.3333333,333.6666667,0.333333333,1,1648,1001,0.999393204,Adam,0.060679612
42,Adam/030529.xml,42,5.035,3019.5,1869,491.5,292.5,0,0,983,585,1,Adam,0
43,Adam/030707.xml,43,5.07,3196,1759,515,232,1,1,515,232,0.998058252,Adam,0.194174757
44,Adam/030801.xml,44,4.975,3352,2348.5,531,341,0.5,1,1062,682,0.99905838,Adam,0.094161959
45,Adam/030826.xml,45,5.19,3750,2547,590,341,0,0,590,341,1,Adam,0
46,Adam/030916.xml,46,5.375,2887.5,2073.5,475,321.5,0,0,950,643,1,Adam,0
47,Adam/031101.xml,47,5.255,3138,1845.5,494,234,0,0,988,468,1,Adam,0
48,Adam/040014.xml,48,5.43,3664,1641,587,260,1,1,587,260,0.998296422,Adam,0.170357751
49,Adam/040115.xml,49,5.85,5219,2473,813,344,2,2,813,344,0.997539975,Adam,0.24600246
51,Adam/040217.xml,51,6.14,3593.5,1800.5,529,248,1,2,1058,496,0.998109641,Adam,0.189035917
52,Adam/040401.xml,52,6.08,3987.5,600,482,81,0,0,964,162,1,Adam,0
53,Adam/040511.xml,53,5.95,3849,953,559,143,1,1,559,143,0.998211091,Adam,0.178890877
55,Adam/040624.xml,55,6.11,4201,1001.5,597.5,133.5,1,2,1195,267,0.99832636,Adam,0.167364017
56,Adam/040729.xml,56,5.89,2799,1078,428,169,1,1,428,169,0.997663551,Adam,0.23364486
57,Adam/040902.xml,57,5.9,3355,1081,497,143,0,0,497,143,1,Adam,0
58,Adam/041002.xml,58,5.88,3951,605,527,90,3,3,527,90,0.9943074,Adam,0.569259962
59,Adam/041023.xml,59,5.83,4474,1027,655,167,1,1,655,167,0.998473282,Adam,0.152671756
62,Adam/050212.xml,62,6.01,5072,1237,745,193,0,0,745,193,1,Adam,0
18,Eve/010600b.xml,18,2.11,825,2631,20,338,0,0,20,338,1,Eve,0
19,Eve/010700a.xml,19,2.365,795,1911,26,246.5,0,0,52,493,1,Eve,0
20,Eve/010800.xml,20,2.53,1480,2215,54,285,0,0,54,285,1,Eve,0
21,Eve/010900a.xml,21,3.063333333,1683.666667,2419.666667,87.33333333,330.6666667,0.666666667,2,262,992,0.992366412,Eve,0.763358779
22,Eve/011000a.xml,22,3.73,1566,1212.5,141.5,180,1.5,3,283,360,0.989399293,Eve,1.060070671
23,Eve/011100a.xml,23,3.835,1698,1575,277,238.5,4,8,554,477,0.985559567,Eve,1.444043321
24,Eve/020000a.xml,24,4.105,1515.5,1469,254,209.5,2.5,5,508,419,0.99015748,Eve,0.984251969
25,Eve/020100a.xml,25,4.805,2443,3334.5,433,544.5,5,10,866,1089,0.988452656,Eve,1.154734411
26,Eve/020200a.xml,26,4.715,3040,3040.5,507.5,445.5,1,2,1015,891,0.998029557,Eve,0.197044335
27,Eve/020300a.xml,27,4.285,1845,2751.5,262.5,368,4.5,9,525,736,0.982857143,Eve,1.714285714
27,Sarah/020307.xml,27,2.07,582,753,28,54,1,1,28,54,0.964285714,Sarah,3.571428571
28,Sarah/020319.xml,28,1.948333333,484.5,964.6666667,29.33333333,105.5,1.333333333,8,176,633,0.954545455,Sarah,4.545454545
29,Sarah/020417.xml,29,1.91,553.4,1042.6,63.4,136.4,0.6,3,317,682,0.990536278,Sarah,0.94637224
30,Sarah/020525.xml,30,2.0075,513.25,402.25,57,56,0.25,1,228,224,0.995614035,Sarah,0.438596491
31,Sarah/020620.xml,31,2.1825,575,1064.25,76.25,145.25,1.75,7,305,581,0.97704918,Sarah,2.295081967
32,Sarah/020718.xml,32,2.346666667,516.6666667,870,78,119.6666667,1,3,234,359,0.987179487,Sarah,1.282051282
33,Sarah/020825a.xml,33,2.652,687,925.2,91.6,137.6,4.8,24,458,688,0.947598253,Sarah,5.240174672
34,Sarah/020920.xml,34,2.76,737.25,1879.25,132.75,305.5,3,12,531,1222,0.97740113,Sarah,2.259887006
35,Sarah/021020.xml,35,3.073333333,625,1280,116.6666667,194.3333333,0,0,350,583,1,Sarah,0
36,Sarah/021117.xml,36,2.73,725.3333333,1153.333333,115.6666667,179,0.666666667,2,347,537,0.994236311,Sarah,0.576368876
37,Sarah/030018a.xml,37,3.37,805.8,891.6,128.8,134.8,2.4,12,644,674,0.98136646,Sarah,1.863354037
38,Sarah/030117.xml,38,3.525,770.25,791.5,114.75,99.5,2,8,459,398,0.982570806,Sarah,1.74291939
39,Sarah/030216.xml,39,3.856,858.8,924.2,133.2,113.4,0.8,4,666,567,0.993993994,Sarah,0.600600601
40,Sarah/030320.xml,40,3.75,716.25,1065.25,87.5,126.5,0,0,350,506,1,Sarah,0
41,Sarah/030416.xml,41,3.574,840.4,1794.8,132.8,201,1.4,7,664,1005,0.989457831,Sarah,1.054216867
42,Sarah/030520.xml,42,3.745,861,1009.5,95.5,98.5,0,0,191,197,1,Sarah,0
43,Sarah/030616.xml,43,4.2325,809.75,940,123.75,105.5,0.75,3,495,422,0.993939394,Sarah,0.606060606
44,Sarah/030716.xml,44,4.306,670,1246.6,124.8,158.6,1,5,624,793,0.991987179,Sarah,0.801282051
45,Sarah/030820.xml,45,4.21,772,1139.333333,108.3333333,140.3333333,0,0,325,421,1,Sarah,0
46,Sarah/030918.xml,46,4.05,615.4,1127.2,109.6,147.4,0,0,548,737,1,Sarah,0
47,Sarah/031016.xml,47,4.493333333,716.3333333,883,79.66666667,114.3333333,0,0,239,343,1,Sarah,0
48,Sarah/031116.xml,48,4.3575,789.25,1311.75,126.5,167,0,0,506,668,1,Sarah,0
49,Sarah/040028.xml,49,4.496666667,1169,1035,186.3333333,144,0,0,559,432,1,Sarah,0
50,Sarah/040118.xml,50,4.8525,941.75,1166.25,136.5,158.25,0,0,546,633,1,Sarah,0
51,Sarah/040216.xml,51,4.456,965.6,1094.6,118.4,155.6,0.2,1,592,778,0.998310811,Sarah,0.168918919
52,Sarah/040319.xml,52,5.735,777.25,588,91.75,84.25,0.25,1,367,337,0.997275204,Sarah,0.272479564
53,Sarah/040418.xml,53,4.74,931.6,830.6,113.4,112.6,0,0,567,563,1,Sarah,0
54,Sarah/040522.xml,54,5.1175,1146.75,826.75,162.75,111,0,0,651,444,1,Sarah,0
55,Sarah/040617.xml,55,4.7225,917,957.75,158.5,142.25,0,0,634,569,1,Sarah,0
56,Sarah/040717.xml,56,5.8275,1020.75,837.5,134.25,110.75,0,0,537,443,1,Sarah,0
57,Sarah/040820.xml,57,5.923333333,976.3333333,995,145.6666667,142.3333333,0.666666667,2,437,427,0.995423341,Sarah,0.457665904
58,Sarah/040919.xml,58,5.433333333,848,910,130,127.3333333,1.333333333,4,390,382,0.98974359,Sarah,1.025641026
59,Sarah/041021.xml,59,5.5025,826,813,111.5,107.25,0,0,446,429,1,Sarah,0
60,Sarah/041119.xml,60,4.615,753,1060.5,99.75,121,0,0,399,484,1,Sarah,0
61,Sarah/050016.xml,61,4.9075,901.5,536.25,131.75,70.25,0.5,2,527,281,0.996204934,Sarah,0.379506641
27,Shem/020223.xml,27,5.735,1795,457,169,73,0,0,338,146,1,Shem,0
28,Shem/020316.xml,28,6.34,1846,192.75,145.25,28.75,1,4,581,115,0.993115318,Shem,0.688468158
29,Shem/020420.xml,29,5.6825,1452.5,87.75,127,13.5,0.75,3,508,54,0.994094488,Shem,0.590551181
30,Shem/020516.xml,30,6.82,2112.25,148.25,217,22.5,0.5,2,868,90,0.997695853,Shem,0.230414747
31,Shem/020627.xml,31,7.11,2279.5,1546.5,246.5,187,0,0,493,374,1,Shem,0
32,Shem/020718.xml,32,7.648,2155.6,88.6,228.6,10.2,0.2,1,1143,51,0.999125109,Shem,0.087489064
33,Shem/020820a.xml,33,5.9,1188.2,443,145.4,53.6,0.2,1,727,268,0.998624484,Shem,0.137551582
34,Shem/020919.xml,34,6.86,1185.333333,465.5,163.3333333,65,0.5,3,980,390,0.996938776,Shem,0.306122449
35,Shem/021025a.xml,35,6.075,940.3333333,667.8333333,114.8333333,88.5,0,0,689,531,1,Shem,0
36,Shem/021128.xml,36,8.746666667,3170,128.3333333,404,14.66666667,0.666666667,2,1212,44,0.998349835,Shem,0.165016502
37,Shem/030020.xml,37,8.503333333,2901.666667,99,346.3333333,12.33333333,0.333333333,1,1039,37,0.999037536,Shem,0.096246391
38,Shem/030127.xml,38,9.79,2225,358.5,228.5,45,1,2,457,90,0.995623632,Shem,0.437636761
19,Naomi/010616.xml,19,1.56,747,2639,17,177,1,1,17,177,0.941176471,Naomi,5.882352941
20,Naomi/010800.xml,20,1.465,234,857.5,2,81.5,0,0,4,163,1,Naomi,0
21,Naomi/010829.xml,21,1.836666667,75.66666667,109.6666667,1.333333333,13.66666667,0,0,4,41,1,Naomi,0
22,Naomi/010926.xml,22,1.878333333,273.1666667,704,17.5,75,0.333333333,2,105,450,0.980952381,Naomi,1.904761905
23,Naomi/011017.xml,23,2.35,348.2307692,418.3846154,36.30769231,47.07692308,0,0,472,612,1,Naomi,0
24,Naomi/011116.xml,24,2.589090909,321.3636364,383.0909091,35.63636364,48,0.454545455,5,392,528,0.987244898,Naomi,1.275510204
25,Naomi/020018.xml,25,2.443333333,425.8888889,451.2222222,39.11111111,52,2.555555556,23,352,468,0.934659091,Naomi,6.534090909
26,Naomi/020117.xml,26,2.61,475.75,507,64.25,74,1.5,6,257,296,0.976653696,Naomi,2.33463035
27,Naomi/020225.xml,27,3.18,418,762,70.5,125,1,2,141,250,0.985815603,Naomi,1.418439716
28,Naomi/020317.xml,28,3.666666667,293.3333333,347.3333333,46.5,49.83333333,1,6,279,299,0.978494624,Naomi,2.150537634
29,Naomi/020416.xml,29,3.434,500.2,537.4,81,85,1,5,405,425,0.987654321,Naomi,1.234567901
30,Naomi/020521.xml,30,3.886666667,157.6666667,174.6666667,18.33333333,24.33333333,0,0,55,73,1,Naomi,0
31,Naomi/020713.xml,31,3.39,210,257,28,32,1,1,28,32,0.964285714,Naomi,3.571428571
32,Naomi/020716.xml,32,3.585,1359.5,1499.5,137,160.5,0,0,274,321,1,Naomi,0
33,Naomi/020823.xml,33,3.81,508.6666667,634.3333333,82.66666667,86.33333333,2.333333333,7,248,259,0.971774194,Naomi,2.822580645
35,Naomi/021108.xml,35,4.13,672.4,679,86.8,85.4,0.2,1,434,427,0.997695853,Naomi,0.230414747
36,Naomi/021117.xml,36,3.543333333,217,490.6666667,27,59.33333333,0.333333333,1,81,178,0.987654321,Naomi,1.234567901
38,Naomi/030210.xml,38,4.03,805,1400,120,176,0,0,120,176,1,Naomi,0
40,Naomi/030326.xml,40,4.87,895,769.3333333,100,94.33333333,0,0,300,283,1,Naomi,0
41,Naomi/030418.xml,41,5,693.6,719.4,91.2,87,0,0,456,435,1,Naomi,0
45,Naomi/030819.xml,45,4.27,533,989,78,127,0,0,78,127,1,Naomi,0
56,Naomi/040728.xml,56,6.79,1584,1096,218,145,0,0,436,290,1,Naomi,0
57,Naomi/040903.xml,57,5.28,2399,1134,257,115,0,0,257,115,1,Naomi,0
16,Ross/010411a.xml,16,1.92,339,1421,25.5,177.5,0,0,51,355,1,Ross,0
17,Ross/010425a.xml,17,1.745,183.5,1285,9,175.5,0.5,1,18,351,0.944444444,Ross,5.555555556
18,Ross/010523.xml,18,2.155,382,2072.5,34.5,300,0,0,69,600,1,Ross,0
28,Ross/020409.xml,28,4.56,380,1340,55,223,0,0,55,223,1,Ross,0
29,Ross/020514a.xml,29,3.685,565,893,80,127.5,0,0,160,255,1,Ross,0
30,Ross/020608.xml,30,3.7,373,820,55,121,0,0,55,121,1,Ross,0
31,Ross/020617a.xml,31,4.05375,618,1294.25,92,200.25,0.875,7,736,1602,0.99048913,Ross,0.951086957
32,Ross/020718a.xml,32,5.815714286,169.7142857,111,24.71428571,12.85714286,0,0,173,90,1,Ross,0
33,Ross/020817a.xml,33,6.092727273,261.0909091,258.1818182,40.72727273,39.45454545,0,0,448,434,1,Ross,0
34,Ross/020921.xml,34,6.595,441.375,620.375,60.75,79.75,0.625,5,486,638,0.989711934,Ross,1.028806584
35,Ross/021017a.xml,35,6.255454545,603.8181818,847.4545455,93.54545455,135.1818182,0.454545455,5,1029,1487,0.995140914,Ross,0.485908649
36,Ross/030001a.xml,36,8.536666667,719.6666667,607.6666667,115.6666667,88,8.666666667,26,347,264,0.925072046,Ross,7.492795389
37,Ross/030017.xml,37,7.14875,751.375,665.75,117,90.5,2.625,21,936,724,0.977564103,Ross,2.243589744
38,Ross/030202.xml,38,7.833333333,768.3333333,761.3333333,129.6666667,122,0.666666667,2,389,366,0.994858612,Ross,0.514138817
39,Ross/030221.xml,39,7.47,1047,929.6,169.4,139,0.2,1,847,695,0.998819362,Ross,0.118063754
40,Ross/030323.xml,40,7.035,839.875,1075.5,125.75,155.5,0,0,1006,1244,1,Ross,0
41,Ross/030426a.xml,41,6.988,987.4,1139,131.2,153.8,0.2,1,656,769,0.99847561,Ross,0.152439024
42,Ross/030516.xml,42,7.306666667,834.3333333,940,119.1666667,129.6666667,0.166666667,1,715,778,0.998601399,Ross,0.13986014
43,Ross/030616.xml,43,7.212,1008.6,919.4,146,119,0,0,730,595,1,Ross,0
44,Ross/030720.xml,44,7.983333333,1045.166667,999.5,150.1666667,131.3333333,0,0,901,788,1,Ross,0
45,Ross/030818.xml,45,7.26,918.5,823.5,130.5,114,0,0,261,228,1,Ross,0
46,Ross/031001.xml,46,6.85,1237,1378,187,206,0,0,187,206,1,Ross,0
47,Ross/031021.xml,47,7.2625,547,464.5,85.75,60.25,0,0,343,241,1,Ross,0
48,Ross/031128.xml,48,6.983333333,856.6666667,807,109.3333333,101,0,0,328,303,1,Ross,0
49,Ross/040019.xml,49,7.715,848.5,772.5,98.5,94,0,0,197,188,1,Ross,0
50,Ross/040117a.xml,50,8.05,824,808.75,120.25,108.25,0.25,1,481,433,0.997920998,Ross,0.207900208
51,Ross/040223.xml,51,7.335,621.5,913.5,103.25,135.25,0.25,1,413,541,0.997578692,Ross,0.242130751
52,Ross/040316a.xml,52,7.5,745.375,1087.75,116.125,168.5,0,0,929,1348,1,Ross,0
53,Ross/040508a.xml,53,9.88,589,826.5,85.75,119.75,0,0,343,479,1,Ross,0
54,Ross/040601a.xml,54,7.1875,604.25,602.75,95.25,79.75,0,0,381,319,1,Ross,0
56,Ross/040800a.xml,56,9.745,1095,805,181.25,107.75,1,4,725,431,0.994482759,Ross,0.551724138
58,Ross/040920a.xml,58,9.4125,846.75,1134,130.75,157,0.75,3,523,628,0.994263862,Ross,0.573613767
59,Ross/041027a.xml,59,8.575,953,829.5,142,115.5,1.5,3,284,231,0.98943662,Ross,1.056338028
60,Ross/041125a.xml,60,9.1925,984.25,1205,153.75,173.75,0,0,615,695,1,Ross,0
62,Ross/050120a.xml,62,9.635,868.25,1099.75,129,150.5,0.25,1,516,602,0.998062016,Ross,0.19379845
63,Ross/050309a.xml,63,9.8825,978,1152.5,145.5,167.5,0,0,582,670,1,Ross,0
65,Ross/050420a.xml,65,11.574,1174.2,627.6,184.2,76.4,0.4,2,921,382,0.997828447,Ross,0.217155266
66,Ross/050520a.xml,66,10.23,580.6666667,738,92.66666667,97,0,0,278,291,1,Ross,0
67,Ross/050622a.xml,67,9.4825,456.375,1054.75,72.375,143.75,0,0,579,1150,1,Ross,0
69,Ross/050820a.xml,69,8.578333333,423.3333333,1204.333333,57.83333333,157.1666667,0.166666667,1,347,943,0.997118156,Ross,0.288184438
70,Ross/051001a.xml,70,7.88,479.25,1183.75,66.75,179,0,0,267,716,1,Ross,0
71,Ross/051016a.xml,71,9.7475,283.5,1231.75,42.75,174.5,0,0,171,698,1,Ross,0
72,Ross/051117a.xml,72,9.6825,459.625,1348.125,70.375,172.75,0.25,2,563,1382,0.996447602,Ross,0.355239787
73,Ross/060027b.xml,73,8.75,558.5,1334,78.5,196,0,0,157,392,1,Ross,0
74,Ross/060123a.xml,74,7.37125,277.625,1659.5,38.125,228.5,0,0,305,1828,1,Ross,0
75,Ross/060222c.xml,75,9.045555556,280.8888889,1093.666667,34.55555556,153.6666667,0,0,311,1383,1,Ross,0
76,Ross/060323a.xml,76,5.96,262.875,1545.125,32.375,201,0.125,1,259,1608,0.996138996,Ross,0.386100386
77,Ross/060422a.xml,77,7.065,397.25,1252,59.25,168.75,0,0,237,675,1,Ross,0
78,Ross/060530a.xml,78,6.66,529.25,1426,70.5,170,0,0,282,680,1,Ross,0
79,Ross/060701a.xml,79,7.2175,376.25,1485.25,54.25,213.75,0.625,5,434,1710,0.988479263,Ross,1.152073733
80,Ross/060807a.xml,80,10.005,345,1238.5,49.25,165.5,0,0,197,662,1,Ross,0
81,Ross/060906a.xml,81,5.805,482.25,1441,65,170,0,0,260,680,1,Ross,0
82,Ross/060922a.xml,82,5.7125,488.25,1602.75,65.5,196.75,0.5,2,262,787,0.992366412,Ross,0.763358779
83,Ross/061017a.xml,83,6,550,1344.75,73,172,0,0,292,688,1,Ross,0
84,Ross/061119a.xml,84,6.3525,329.25,1061.25,47.25,142,0.25,1,189,568,0.994708995,Ross,0.529100529
85,Ross/070018a.xml,85,7.75,609,1595,82.25,211.5,0.5,2,329,846,0.993920973,Ross,0.607902736
87,Ross/070309a.xml,87,4.466666667,213.6666667,1686,23,212,0,0,69,636,1,Ross,0
88,Ross/070318.xml,88,6,10,132,1,18,0,0,1,18,1,Ross,0
89,Ross/070503a.xml,89,4.455,280.75,1472,37,177,0,0,148,708,1,Ross,0
90,Ross/070518a.xml,90,6.2275,661.75,1421.75,88.25,176.75,0,0,353,707,1,Ross,0
91,Ross/070702.xml,91,7.445,464.5,2099.5,59,286.5,0,0,118,573,1,Ross,0
92,Ross/070722.xml,92,6.885,208.5,1546,25,220.5,0,0,50,441,1,Ross,0
21,She/010816.xml,21,2.49,625,1749,29,168,3,3,29,168,0.896551724,She,10.34482759
22,She/010920.xml,22,3.18,638,2103,56,254,2,2,56,254,0.964285714,She,3.571428571
23,She/011024.xml,23,2.97,496,1532,50,212,3,3,50,212,0.94,She,6
24,She/011120.xml,24,2.86,585,1418,54,161,4,4,54,161,0.925925926,She,7.407407407
25,She/020021.xml,25,3.48,219,1903,29,235,1,1,29,235,0.965517241,She,3.448275862
26,She/020125.xml,26,2.9,623,2086,64,295,1,1,64,295,0.984375,She,1.5625
27,She/020225.xml,27,3.3,865,1406,93,182,0,0,93,182,1,She,0
28,She/020401.xml,28,3.48,1242,1850,184,238,3,3,184,238,0.983695652,She,1.630434783
29,She/020508.xml,29,3.54,870,2500,136,430,4,4,136,430,0.970588235,She,2.941176471
20,Tow/010804.xml,20,2.42,684,3068,37,398,3,3,37,398,0.918918919,Tow,8.108108108
21,Tow/010909.xml,21,2.86,828,3098,88,373,7,7,88,373,0.920454545,Tow,7.954545455
22,Tow/011015.xml,22,2.8,437,3551,49,446,0,0,49,446,1,Tow,0
24,Tow/011121.xml,24,3.34,911,3070,131,352,1,1,131,352,0.992366412,Tow,0.763358779
25,Tow/020024.xml,25,2.82,767,3114,90,348,1,1,90,348,0.988888889,Tow,1.111111111
26,Tow/020122.xml,26,3.21,741,3628,94,414,12,12,94,414,0.872340426,Tow,12.76595745
27,Tow/020227.xml,27,3.88,760,2714,117,344,0,0,117,344,1,Tow,0
28,Tow/020324.xml,28,3.94,789,2825,83,378,0,0,83,378,1,Tow,0
29,Tow/020503.xml,29,5.08,1438,2384,232,329,10,10,232,329,0.956896552,Tow,4.310344828
24,Nina/011124.xml,24,2.64,1270.5,2636.75,81.5,290.5,7.25,29,326,1162,0.911042945,Nina,8.895705521
25,Nina/020017.xml,25,2.675,1330.75,2151.5,119.5,286.5,14,56,478,1146,0.882845188,Nina,11.71548117
26,Nina/020122.xml,26,3.1725,1762.25,3660,189.5,505.25,27.5,110,758,2021,0.854881266,Nina,14.51187335
27,Nina/020228.xml,27,4.02,2109.666667,3868.666667,245,566.3333333,13,39,735,1699,0.946938776,Nina,5.306122449
28,Nina/020318.xml,28,3.7875,1633.75,3256.5,222,464.75,9.25,37,888,1859,0.958333333,Nina,4.166666667
29,Nina/020418.xml,29,3.56,1363,3096.5,181,486,13,26,362,972,0.928176796,Nina,7.182320442
30,Nina/020524.xml,30,4.154,2148.6,4205.4,273.2,614.2,36.8,184,1366,3071,0.865300146,Nina,13.46998536
33,Nina/020913.xml,33,4.32,1958,4304,194,702,3,3,194,702,0.984536082,Nina,1.546391753
34,Nina/020921.xml,34,4.725,2399.25,3582.75,264.5,505.75,1,4,1058,2023,0.996219282,Nina,0.378071834
35,Nina/021021.xml,35,5.17,2308.25,3580.5,287.75,555,1.75,7,1151,2220,0.993918332,Nina,0.608166811
36,Nina/021116.xml,36,4.85,2132.333333,3822,257.6666667,611,0.333333333,1,773,1833,0.998706339,Nina,0.129366106
37,Nina/030016.xml,37,4.851666667,1995.833333,3296.833333,246.8333333,480.8333333,0.333333333,2,1481,2885,0.998649561,Nina,0.135043889
38,Nina/030204.xml,38,5.865,2925,3296.5,414.5,516,0,0,829,1032,1,Nina,0
39,Nina/030216.xml,39,5.6475,2126,3748.75,279,557.25,0.25,1,1116,2229,0.999103943,Nina,0.089605735
40,Nina/030321.xml,40,4.86,2265,4178,201,498,2,2,201,498,0.990049751,Nina,0.995024876
29,Abe/020500.xml,29,4.6725,304.5,493.75,46,64.5,0.5,2,184,258,0.989130435,Abe,1.086956522
30,Abe/020516.xml,30,5.155,364.3333333,417.9166667,52.66666667,51.83333333,0.583333333,7,632,622,0.988924051,Abe,1.107594937
31,Abe/020618.xml,31,6.01,735.4285714,715.5714286,110.8571429,111.2857143,1.857142857,13,776,779,0.983247423,Abe,1.675257732
32,Abe/020718.xml,32,6.516666667,805.1666667,687,129,107.8333333,1.5,9,774,647,0.988372093,Abe,1.162790698
33,Abe/020818.xml,33,7.31,774.625,706.625,133.25,117.875,0.5,4,1066,943,0.996247655,Abe,0.375234522
34,Abe/020916.xml,34,6.959,849,1009.3,147.5,155.4,1.5,15,1475,1554,0.989830508,Abe,1.016949153
35,Abe/021020.xml,35,6.41,1094.5,1360.625,177.625,209.75,1,8,1421,1678,0.994370162,Abe,0.562983814
36,Abe/021118.xml,36,7.182,902.2,886.4,131,137.6,4.6,23,655,688,0.964885496,Abe,3.511450382
37,Abe/030016.xml,37,8.35375,992,795.625,139.875,124,4,32,1119,992,0.971403038,Abe,2.859696157
38,Abe/030118.xml,38,8.44625,988.375,948.875,145.875,159.25,1.375,11,1167,1274,0.990574122,Abe,0.942587832
39,Abe/030218.xml,39,8.172222222,982.4444444,803.4444444,137.1111111,122.3333333,0,0,1234,1101,1,Abe,0
40,Abe/030318.xml,40,7.97125,1014.125,581.25,159.375,92.125,0,0,1275,737,1,Abe,0
41,Abe/030419a.xml,41,7.2,797.2857143,545.5714286,128.7142857,77.85714286,0,0,901,545,1,Abe,0
42,Abe/030517.xml,42,7.27,886.75,556.375,142.125,96.375,0.125,1,1137,771,0.999120493,Abe,0.087950748
43,Abe/030616.xml,43,7.36,877.375,538.625,129.625,85,0.125,1,1037,680,0.99903568,Abe,0.096432015
44,Abe/030721.xml,44,7.765714286,828.2857143,506.4285714,130.5714286,78.85714286,0,0,914,552,1,Abe,0
45,Abe/030816.xml,45,7.914,760.4,420.1,127.1,67,0,0,1271,670,1,Abe,0
46,Abe/030919.xml,46,7.981111111,700.3333333,417.2222222,100,63.77777778,0,0,900,574,1,Abe,0
47,Abe/031018.xml,47,8.501428571,759.4285714,427.8571429,120.7142857,70.85714286,0,0,845,496,1,Abe,0
48,Abe/031116.xml,48,7.68,597.25,218,102,34.5,0,0,408,138,1,Abe,0
49,Abe/040016.xml,49,9.025,799.5,261.5,107.1666667,37.83333333,0.333333333,2,643,227,0.99688958,Abe,0.311041991
50,Abe/040120.xml,50,8.061666667,665,303.6666667,94,41.33333333,0,0,564,248,1,Abe,0
51,Abe/040219.xml,51,7.953333333,710,367.5,99.83333333,56.33333333,0,0,599,338,1,Abe,0
52,Abe/040321.xml,52,8.06,576.3333333,336.3333333,86.33333333,53.66666667,0,0,259,161,1,Abe,0
53,Abe/040421.xml,53,8.146666667,479,305,63.33333333,47,0,0,190,141,1,Abe,0
54,Abe/040520.xml,54,8.186666667,545.6666667,281.6666667,87.5,45.16666667,0,0,525,271,1,Abe,0
55,Abe/040619.xml,55,8.272,624,309.2,93.4,49.4,0.2,1,467,247,0.997858672,Abe,0.214132762
56,Abe/040800.xml,56,8.42,590,340,90,44.5,0,0,360,178,1,Abe,0
57,Abe/040820.xml,57,8.9075,615.5,284,81.5,41.25,0.25,1,326,165,0.996932515,Abe,0.306748466
58,Abe/040919.xml,58,8.214,675.2,379.8,100.4,54.8,0,0,502,274,1,Abe,0
59,Abe/041022.xml,59,8.175,808.25,469,118.5,65.5,0,0,474,262,1,Abe,0
60,Abe/041121.xml,60,7.4825,705.5,411,105,66.5,0,0,420,266,1,Abe,0
25,Trevor/020028.xml,25,4.806666667,1062.333333,1179,97,174,0.333333333,1,291,522,0.996563574,Trevor,0.343642612
30,Trevor/020604.xml,30,5.53,1136,1225.5,87.5,169,0.75,3,350,676,0.991428571,Trevor,0.857142857
32,Trevor/020803.xml,32,6.015,1205.75,1360.75,116.5,194.25,0.75,3,466,777,0.993562232,Trevor,0.643776824
34,Trevor/021004.xml,34,5.74,969,1306,127,201,1,1,127,201,0.992125984,Trevor,0.787401575
35,Trevor/021111.xml,35,5.725,840,1353,98,211,0,0,196,422,1,Trevor,0
36,Trevor/030007.xml,36,5.903333333,813,1448,108,222,1,3,324,666,0.990740741,Trevor,0.925925926
38,Trevor/030117.xml,38,8.12,1228,1450,177,239,1,1,177,239,0.994350282,Trevor,0.564971751
39,Trevor/030304.xml,39,5.29,955.5,1577.5,129.5,243,0.5,1,259,486,0.996138996,Trevor,0.386100386
47,Trevor/031022.xml,47,6.016666667,963.3333333,1436.666667,117.3333333,204.3333333,1,3,352,613,0.991477273,Trevor,0.852272727
48,Trevor/031127a.xml,48,5.425,868,1580,98.5,227,0.5,1,197,454,0.994923858,Trevor,0.507614213
28,Ben/020413.xml,28,5.23,1338,1032,138,132,2,2,138,132,0.985507246,Ben,1.449275362
29,Ben/020427.xml,29,5.676666667,1096.333333,887.6666667,147.6666667,112,2,6,443,336,0.986455982,Ben,1.354401806
32,Ben/020804.xml,32,5.4,1316,504,134,67,22,22,134,67,0.835820896,Ben,16.41791045
33,Ben/020816.xml,33,5.41,1154,348,119,54,5,5,119,54,0.957983193,Ben,4.201680672
34,Ben/021008.xml,34,6.88,1418,175,118,24,4,4,118,24,0.966101695,Ben,3.389830508
35,Ben/021022.xml,35,6,1502,419,174,55,10,10,174,55,0.942528736,Ben,5.747126437
39,Ben/030221.xml,39,6.62,1138,1566,173,205,1,1,173,205,0.994219653,Ben,0.578034682
40,Ben/030321.xml,40,6.57,1426,1550,209,201,0,0,209,201,1,Ben,0
31,Emily/020620.xml,31,6.07,1652.5,0,262.5,0,0.5,1,525,0,0.998095238,Emily,0.19047619
32,Emily/020718.xml,32,5.246666667,1071.333333,4,183.3333333,0.666666667,0.666666667,2,550,2,0.996363636,Emily,0.363636364
33,Emily/020902.xml,33,7.32,1513,0,246,0,0,0,246,0,1,Emily,0
34,Emily/020923.xml,34,6.8,1259,0,222,0,0,0,444,0,1,Emily,0
35,Emily/021028.xml,35,6.32,1226.5,0,167.5,0,1,2,335,0,0.994029851,Emily,0.597014925
36,Emily/021129.xml,36,6.4,1375.5,0,225,0,0,0,450,0,1,Emily,0
37,Emily/030023.xml,37,6.935,1718,39.5,251.5,7,1.5,3,503,14,0.994035785,Emily,0.596421471
38,Emily/030127.xml,38,6.31,1296,0,194,0,2,2,194,0,0.989690722,Emily,1.030927835
39,Emily/030219.xml,39,7.52,1600,0,245.5,0,1,2,491,0,0.99592668,Emily,0.407331976
40,Emily/030409.xml,40,9.54,1758,0,299,0,3,3,299,0,0.989966555,Emily,1.003344482
51,Emily/040216.xml,51,5.66,1092,0,153,0,0,0,153,0,1,Emily,0
52,Emily/040317.xml,52,6.825,1267,0,153.5,0,0,0,307,0,1,Emily,0
54,Emily/040519.xml,54,6.24,980,0,146,0,0,0,146,0,1,Emily,0
32,Emma/020801.xml,32,4.72,545,755,72,101,1,1,72,101,0.986111111,Emma,1.388888889
33,Emma/020818.xml,33,5.106666667,590,918,56,122,0.666666667,2,168,366,0.988095238,Emma,1.19047619
34,Emma/021000.xml,34,6.24,920,227,107,28,0,0,107,28,1,Emma,0
35,Emma/021026.xml,35,5.72,1291,1508,197,211,0,0,197,211,1,Emma,0
36,Emma/021116.xml,36,6.055,975,1413,109,183.5,0,0,218,367,1,Emma,0
38,Emma/030120.xml,38,5.513333333,828.6666667,329.6666667,99.33333333,50,0,0,298,150,1,Emma,0
39,Emma/030300.xml,39,5.13,710,739,114.5,107.5,0,0,229,215,1,Emma,0
41,Emma/030418.xml,41,4.62,695,268,101,41,0,0,101,41,1,Emma,0
43,Emma/030624.xml,43,4.94,1126,1256,161,169,2,2,161,169,0.98757764,Emma,1.242236025
44,Emma/030721.xml,44,5.435,1566,1425.5,243,214.5,0,0,486,429,1,Emma,0
45,Emma/030822.xml,45,5.713333333,1249.666667,759.3333333,162,103,0,0,486,309,1,Emma,0
50,Emma/040125.xml,50,4.45,998,1161,82,137,0,0,82,137,1,Emma,0
51,Emma/040300.xml,51,4.92,812,33,77,3,0,0,77,3,1,Emma,0
52,Emma/040321.xml,52,5.885,1229.5,117.5,164,18.5,0,0,328,37,1,Emma,0
53,Emma/040418.xml,53,6.4,1666,38,214,3,0,0,214,3,1,Emma,0
56,Emma/040804.xml,56,5.72,1232,0,179,0,0,0,179,0,1,Emma,0
25,Jillian/020108.xml,25,3.82,645,1793,52,218,0,0,52,218,1,Jillian,0
26,Jillian/020117.xml,26,3.4675,395.25,1674.25,48.5,230.5,0,0,194,922,1,Jillian,0
28,Jillian/020317.xml,28,5.682,1043,737.8,118.6,98.2,0.2,1,593,491,0.998313659,Jillian,0.168634064
29,Jillian/020421.xml,29,5.25,1197.666667,414,156.3333333,57.66666667,0.666666667,2,469,173,0.995735608,Jillian,0.426439232
30,Jillian/020521.xml,30,4.713333333,1085.333333,858.6666667,153.6666667,115.6666667,0.666666667,2,461,347,0.995661605,Jillian,0.433839479
31,Jillian/020616.xml,31,6.303333333,1233.333333,114.3333333,184,16,0,0,552,48,1,Jillian,0
34,Jillian/020916.xml,34,4.895,1029,1374.5,153,197,0,0,306,394,1,Jillian,0
28,Matt/020317.xml,28,3.1325,431,2464.75,32.75,338.25,0,0,131,1353,1,Matt,0
29,Matt/020428.xml,29,3.566666667,529.3333333,2732.666667,48.33333333,389,5,15,145,1167,0.896551724,Matt,10.34482759
30,Matt/020518.xml,30,3.81,570.5,2363,67,322.5,2,4,134,645,0.970149254,Matt,2.985074627
31,Matt/020707.xml,31,4.69,689,3294,91,493,0,0,91,493,1,Matt,0
32,Matt/020722.xml,32,5.395,922.5,2396,142.5,357,4,8,285,714,0.971929825,Matt,2.807017544
33,Matt/020819.xml,33,5.335,743.5,1859,92.5,252,0.5,1,185,504,0.994594595,Matt,0.540540541
34,Matt/020926.xml,34,4.7,397,1298,43,167,0,0,43,167,1,Matt,0
36,Matt/030002.xml,36,6.25,941.5,2587,147,404.5,0.5,1,294,809,0.996598639,Matt,0.340136054
38,Matt/030129.xml,38,4.65,749,2620,109,376,0,0,109,376,1,Matt,0
39,Matt/030218.xml,39,5.386666667,756,2204,115.6666667,316,0,0,347,948,1,Matt,0
40,Matt/030323.xml,40,6.29,867,2579.5,135.5,363,0,0,271,726,1,Matt,0
41,Matt/030421.xml,41,6.403333333,797.6666667,2380,119.3333333,323,0,0,358,969,1,Matt,0
43,Matt/030704.xml,43,8.825,1327.5,1957,194,257,0,0,388,514,1,Matt,0
44,Matt/030727.xml,44,8.47,1293.5,2749,177.5,371.5,0,0,355,743,1,Matt,0
45,Matt/030823.xml,45,7.05,970,2667,129,370,0,0,129,370,1,Matt,0
46,Matt/030924.xml,46,6.03,871,2546,128.5,361,0.5,1,257,722,0.996108949,Matt,0.389105058
47,Matt/031021.xml,47,6.21,955.5,2809.5,135.5,381.5,0,0,271,763,1,Matt,0
48,Matt/040003.xml,48,5.88,744,2056,128,309,0,0,128,309,1,Matt,0
49,Matt/040017.xml,49,7.263333333,883.3333333,2279.333333,133.3333333,327,0.333333333,1,400,981,0.9975,Matt,0.25
50,Matt/040123.xml,50,7.44,979,2610.5,132.5,355.5,0,0,265,711,1,Matt,0
51,Matt/040301.xml,51,8.43,937.5,2760.5,125,400.5,0,0,250,801,1,Matt,0
52,Matt/040405.xml,52,9.05,995,2575,127,376,0,0,127,376,1,Matt,0
53,Matt/040426.xml,53,6.935,892.5,2420,112,330,0,0,224,660,1,Matt,0
54,Matt/040610.xml,54,9.18,1162,2843,177,408,0,0,177,408,1,Matt,0
55,Matt/040704.xml,55,10.29,1309,2551,190,325,0,0,190,325,1,Matt,0
56,Matt/040718.xml,56,7.14,935,2790.5,111.5,359.5,0,0,223,719,1,Matt,0
57,Matt/040821.xml,57,9.06,1027.5,2986,139.5,409,0.5,1,279,818,0.996415771,Matt,0.358422939
58,Matt/040921.xml,58,7.533333333,862,2230,123.6666667,308.3333333,0.666666667,2,371,925,0.994609164,Matt,0.539083558
60,Matt/050005.xml,60,7.57,1135,3024,136,437,0,0,136,437,1,Matt,0
27,Roman/020225.xml,27,2.98,211,122,8,12,0,0,8,12,1,Roman,0
29,Roman/020501.xml,29,3.53,447.5,423,48,53.5,0,0,96,107,1,Roman,0
30,Roman/020521.xml,30,4.64,1167.25,231.25,132.25,27.25,1,4,529,109,0.992438563,Roman,0.756143667
31,Roman/020626.xml,31,4.995,887.5,380,109,54,0,0,218,108,1,Roman,0
32,Roman/020814.xml,32,4.17,702,0,69,0,0,0,69,0,1,Roman,0
33,Roman/020820.xml,33,5.216666667,891,849,101.6666667,125,0.666666667,2,305,375,0.993442623,Roman,0.655737705
34,Roman/021001.xml,34,5.035,991,1138.5,95,145,2.5,5,190,290,0.973684211,Roman,2.631578947
36,Roman/021118.xml,36,4.78,532,60,69,6,2,2,69,6,0.971014493,Roman,2.898550725
37,Roman/030114.xml,37,5.4,611,728,93,104,0,0,93,104,1,Roman,0
38,Roman/030124.xml,38,7.41,1661,692,209,130,0,0,209,130,1,Roman,0
39,Roman/030220.xml,39,6.455,1444.5,653,170,95,6,12,340,190,0.964705882,Roman,3.529411765
41,Roman/030417.xml,41,7.83,1555.5,1046.5,203,166.5,0.5,1,406,333,0.997536946,Roman,0.246305419
42,Roman/030529.xml,42,11.15,2003,946,222,111,2,2,222,111,0.990990991,Roman,0.900900901
43,Roman/030619.xml,43,12.11,1691,928,204,125,0,0,204,125,1,Roman,0
45,Roman/030904.xml,45,7.23,682,1100,70,128,0,0,70,128,1,Roman,0
46,Roman/030918.xml,46,9.123333333,1801.333333,701.3333333,217.6666667,103.6666667,0.333333333,1,653,311,0.998468606,Roman,0.153139357
47,Roman/031023.xml,47,6.18,1569,1080,162,141,1,2,324,282,0.99382716,Roman,0.617283951
48,Roman/031128.xml,48,5.4,887,1462,112,206,0,0,112,206,1,Roman,0
50,Roman/040119.xml,50,8.91,1955.5,978.5,270,163.5,0,0,540,327,1,Roman,0
51,Roman/040217.xml,51,9.2,1989,1616,236,166,1,1,236,166,0.995762712,Roman,0.423728814
52,Roman/040317.xml,52,7.845,1161.5,994.5,142,136.5,0.5,1,284,273,0.996478873,Roman,0.352112676
53,Roman/040416.xml,53,6.806666667,928.3333333,1258.333333,131.6666667,184.6666667,0,0,395,554,1,Roman,0
54,Roman/040611.xml,54,5.63,2117,1981,272,300,0,0,272,300,1,Roman,0
56,Roman/040720.xml,56,5.93,1229,1016,178,163,0,0,178,163,1,Roman,0
30,Nathaniel/020518a.xml,30,3.628571429,1518.142857,2755.857143,30,276.7142857,0.285714286,2,210,1937,0.99047619,Nathaniel,0.952380952
31,Nathaniel/020616.xml,31,3.97,1873.4,4155.6,43.4,453.8,0.2,1,217,2269,0.995391705,Nathaniel,0.460829493
32,Nathaniel/020804a.xml,32,4.07,594.5,1670,17,162.5,2,4,34,325,0.882352941,Nathaniel,11.76470588
33,Nathaniel/020819a.xml,33,3.6675,755.5,1486.5,29.25,144.75,0.25,1,117,579,0.991452991,Nathaniel,0.854700855
37,Nathaniel/030019a.xml,37,4.391428571,749.7142857,1954.857143,67,276.7142857,0.285714286,2,469,1937,0.995735608,Nathaniel,0.426439232
39,Nathaniel/030227a.xml,39,5.373333333,916,1705.666667,91.33333333,186.3333333,0,0,274,559,1,Nathaniel,0
40,Nathaniel/030408a.xml,40,4.772857143,1215,2309.714286,71.14285714,226.5714286,0.428571429,3,498,1586,0.993975904,Nathaniel,0.602409639
41,Nathaniel/030418.xml,41,4.573333333,1223.666667,2746.333333,96,292,0,0,288,876,1,Nathaniel,0
44,Nathaniel/030716.xml,44,5.31,211,352,17,41,0,0,17,41,1,Nathaniel,0
45,Nathaniel/030902.xml,45,4.42,492,1056,34.5,110,0.5,1,69,220,0.985507246,Nathaniel,1.449275362
18,Geraldine/haas1917.xml,18,1.56,326.5,1827.5,22,194.5,0.5,1,44,389,0.977272727,Geraldine,2.272727273
19,Geraldine/haas1920.xml,19,2.32,228,966,24,93,0,0,24,93,1,Geraldine,0
20,Geraldine/haas1921.xml,20,1.83,223,1110,13,106,0,0,13,106,1,Geraldine,0
23,Geraldine/haas1923.xml,23,3.83,565,841,81,120,2,2,81,120,0.975308642,Geraldine,2.469135802
26,Geraldine/haas1924.xml,26,3.875,498.5,1480,74.5,199,0,0,149,398,1,Geraldine,0
28,Geraldine/haas1927.xml,28,4.41,791,3014,139,469,0,0,139,469,1,Geraldine,0
29,Geraldine/haas1929.xml,29,4.54,629,1291,103,168,0,0,103,168,1,Geraldine,0
,,,,,,,,,,,,,,
,,,,,,,,,,,,,,
,,,,,,,,,,,,,,
,,,,,,,,,,,,,,
,,,,,,,,,,,,,,
,,,,,,,,,,,,,,
,,,,,,,,,,,,,,
,,,,,,,,,,,,,,
,,,,,,,,,,,,,,
,,,,,,,,,,,,,,
,,,,,,,,,,,,,,
,,,,,,,,,,,,,,
,,,,,,,,,,,,,,
,,,,,,,,,,,,,,
,,,,,,,,,,,,,,
,,,,,,,,,,,,,,
,,,,,,,,,,,,,,
,,,,,,,,,,,,,,
,,,,,,,,,,,,,,
,,,,,,,,,,,,,,
,,,,,,,,,,,,,,
,,,,,,,,,,,,,,
,,,,,,,,,,,,,,
,,,,,,,,,,,,,,
,,,,,,,,,,,,,,
,,,,,,,,,,,,,,
,,,,,,,,,,,,,,
,,,,,,,,,,,,,,
,,,,,,,,,,,,,,
,,,,,,,,,,,,,,
,,,,,,,,,,,,,,
,,,,,,,,,,,,,,
,,,,,,,,,,,,,,
,,,,,,,,,,,,,,
,,,,,,,,,,,,,,
,,,,,,,,,,,,,,
,,,,,,,,,,,,,,
,,,,,,,,,,,,,,
,,,,,,,,,,,,,,
,,,,,,,,,,,,,,
,,,,,,,,,,,,,,
,,,,,,,,,,,,,,
,,,,,,,,,,,,,,
,,,,,,,,,,,,,,
,,,,,,,,,,,,,,
,,,,,,,,,,,,,,
,,,,,,,,,,,,,,
,,,,,,,,,,,,,,
,,,,,,,,,,,,,,
,,,,,,,,,,,,,,
,,,,,,,,,,,,,,
,,,,,,,,,,,,,,
,,,,,,,,,,,,,,
,,,,,,,,,,,,,,
,,,,,,,,,,,,,,
,,,,,,,,,,,,,,
,,,,,,,,,,,,,,
,,,,,,,,,,,,,,
,,,,,,,,,,,,,,
,,,,,,,,,,,,,,
,,,,,,,,,,,,,,
,,,,,,,,,,,,,,
,,,,,,,,,,,,,,
,,,,,,,,,,,,,,
,,,,,,,,,,,,,,
,,,,,,,,,,,,,,
,,,,,,,,,,,,,,
,,,,,,,,,,,,,,
,,,,,,,,,,,,,,
,,,,,,,,,,,,,,
,,,,,,,,,,,,,,
,,,,,,,,,,,,,,
,,,,,,,,,,,,,,
,,,,,,,,,,,,,,
,,,,,,,,,,,,,,
,,,,,,,,,,,,,,
,,,,,,,,,,,,,,
,,,,,,,,,,,,,,
,,,,,,,,,,,,,,
,,,,,,,,,,,,,,
,,,,,,,,,,,,,,
,,,,,,,,,,,,,,
,,,,,,,,,,,,,,
,,,,,,,,,,,,,,
,,,,,,,,,,,,,,
,,,,,,,,,,,,,,
,,,,,,,,,,,,,,
,,,,,,,,,,,,,,
,,,,,,,,,,,,,,
,,,,,,,,,,,,,,
,,,,,,,,,,,,,,
,,,,,,,,,,,,,,
,,,,,,,,,,,,,,
,,,,,,,,,,,,,,
,,,,,,,,,,,,,,
,,,,,,,,,,,,,,
,,,,,,,,,,,,,,
,,,,,,,,,,,,,,
,,,,,,,,,,,,,,
,,,,,,,,,,,,,,
,,,,,,,,,,,,,,
,,,,,,,,,,,,,,
,,,,,,,,,,,,,,
,,,,,,,,,,,,,,
,,,,,,,,,,,,,,
,,,,,,,,,,,,,,
,,,,,,,,,,,,,,
,,,,,,,,,,,,,,
,,,,,,,,,,,,,,
,,,,,,,,,,,,,,
,,,,,,,,,,,,,,
,,,,,,,,,,,,,,
,,,,,,,,,,,,,,
,,,,,,,,,,,,,,
,,,,,,,,,,,,,,
,,,,,,,,,,,,,,
,,,,,,,,,,,,,,
,,,,,,,,,,,,,,
,,,,,,,,,,,,,,
,,,,,,,,,,,,,,
,,,,,,,,,,,,,,
,,,,,,,,,,,,,,
,,,,,,,,,,,,,,
,,,,,,,,,,,,,,
,,,,,,,,,,,,,,
,,,,,,,,,,,,,,
,,,,,,,,,,,,,,
,,,,,,,,,,,,,,
,,,,,,,,,,,,,,
,,,,,,,,,,,,,,
,,,,,,,,,,,,,,
,,,,,,,,,,,,,,
,,,,,,,,,,,,,,
,,,,,,,,,,,,,,
,,,,,,,,,,,,,,
,,,,,,,,,,,,,,
,,,,,,,,,,,,,,
,,,,,,,,,,,,,,
,,,,,,,,,,,,,,
,,,,,,,,,,,,,,
,,,,,,,,,,,,,,
,,,,,,,,,,,,,,
,,,,,,,,,,,,,,
,,,,,,,,,,,,,,
,,,,,,,,,,,,,,
,,,,,,,,,,,,,,
,,,,,,,,,,,,,,
,,,,,,,,,,,,,,
,,,,,,,,,,,,,,
,,,,,,,,,,,,,,
,,,,,,,,,,,,,,
,,,,,,,,,,,,,,
,,,,,,,,,,,,,,
,,,,,,,,,,,,,,
,,,,,,,,,,,,,,
,,,,,,,,,,,,,,
,,,,,,,,,,,,,,
,,,,,,,,,,,,,,
,,,,,,,,,,,,,,
,,,,,,,,,,,,,,
,,,,,,,,,,,,,,
,,,,,,,,,,,,,,
,,,,,,,,,,,,,,
,,,,,,,,,,,,,,
,,,,,,,,,,,,,,
,,,,,,,,,,,,,,
,,,,,,,,,,,,,,
,,,,,,,,,,,,,,
,,,,,,,,,,,,,,
,,,,,,,,,,,,,,
,,,,,,,,,,,,,,
,,,,,,,,,,,,,,
,,,,,,,,,,,,,,
,,,,,,,,,,,,,,
,,,,,,,,,,,,,,
,,,,,,,,,,,,,,
,,,,,,,,,,,,,,
,,,,,,,,,,,,,,
,,,,,,,,,,,,,,
,,,,,,,,,,,,,,
,,,,,,,,,,,,,,
,,,,,,,,,,,,,,
,,,,,,,,,,,,,,
,,,,,,,,,,,,,,
,,,,,,,,,,,,,,
,,,,,,,,,,,,,,
,,,,,,,,,,,,,,
,,,,,,,,,,,,,,
,,,,,,,,,,,,,,
,,,,,,,,,,,,,,
,,,,,,,,,,,,,,
,,,,,,,,,,,,,,
,,,,,,,,,,,,,,
,,,,,,,,,,,,,,
,,,,,,,,,,,,,,
,,,,,,,,,,,,,,
,,,,,,,,,,,,,,
,,,,,,,,,,,,,,
,,,,,,,,,,,,,,
,,,,,,,,,,,,,,
,,,,,,,,,,,,,,
,,,,,,,,,,,,,,
,,,,,,,,,,,,,,
,,,,,,,,,,,,,,
,,,,,,,,,,,,,,
,,,,,,,,,,,,,,
,,,,,,,,,,,,,,
,,,,,,,,,,,,,,
,,,,,,,,,,,,,,
,,,,,,,,,,,,,,
,,,,,,,,,,,,,,
,,,,,,,,,,,,,,
,,,,,,,,,,,,,,
,,,,,,,,,,,,,,
,,,,,,,,,,,,,,
,,,,,,,,,,,,,,
,,,,,,,,,,,,,,
,,,,,,,,,,,,,,
,,,,,,,,,,,,,,
,,,,,,,,,,,,,,
,,,,,,,,,,,,,,
,,,,,,,,,,,,,,
,,,,,,,,,,,,,,
,,,,,,,,,,,,,,
,,,,,,,,,,,,,,
,,,,,,,,,,,,,,
,,,,,,,,,,,,,,
,,,,,,,,,,,,,,
,,,,,,,,,,,,,,
,,,,,,,,,,,,,,
,,,,,,,,,,,,,,
,,,,,,,,,,,,,,
,,,,,,,,,,,,,,
,,,,,,,,,,,,,,
,,,,,,,,,,,,,,
,,,,,,,,,,,,,,
,,,,,,,,,,,,,,
,,,,,,,,,,,,,,
,,,,,,,,,,,,,,
,,,,,,,,,,,,,,
,,,,,,,,,,,,,,
,,,,,,,,,,,,,,
,,,,,,,,,,,,,,
,,,,,,,,,,,,,,
,,,,,,,,,,,,,,
,,,,,,,,,,,,,,
,,,,,,,,,,,,,,
,,,,,,,,,,,,,,
,,,,,,,,,,,,,,
,,,,,,,,,,,,,,
,,,,,,,,,,,,,,
,,,,,,,,,,,,,,
,,,,,,,,,,,,,,
,,,,,,,,,,,,,,
,,,,,,,,,,,,,,
,,,,,,,,,,,,,,
,,,,,,,,,,,,,,
,,,,,,,,,,,,,,
,,,,,,,,,,,,,,
,,,,,,,,,,,,,,
,,,,,,,,,,,,,,
,,,,,,,,,,,,,,
,,,,,,,,,,,,,,
,,,,,,,,,,,,,,
,,,,,,,,,,,,,,
,,,,,,,,,,,,,,
,,,,,,,,,,,,,,
,,,,,,,,,,,,,,
,,,,,,,,,,,,,,
,,,,,,,,,,,,,,
,,,,,,,,,,,,,,
,,,,,,,,,,,,,,
,,,,,,,,,,,,,,
,,,,,,,,,,,,,,
,,,,,,,,,,,,,,
,,,,,,,,,,,,,,
,,,,,,,,,,,,,,
,,,,,,,,,,,,,,
,,,,,,,,,,,,,,
,,,,,,,,,,,,,,
,,,,,,,,,,,,,,
,,,,,,,,,,,,,,
,,,,,,,,,,,,,,
,,,,,,,,,,,,,,
,,,,,,,,,,,,,,
,,,,,,,,,,,,,,
,,,,,,,,,,,,,,
,,,,,,,,,,,,,,
,,,,,,,,,,,,,,
,,,,,,,,,,,,,,
,,,,,,,,,,,,,,
,,,,,,,,,,,,,,
,,,,,,,,,,,,,,
,,,,,,,,,,,,,,
,,,,,,,,,,,,,,
,,,,,,,,,,,,,,
,,,,,,,,,,,,,,
,,,,,,,,,,,,,,
,,,,,,,,,,,,,,
,,,,,,,,,,,,,,
,,,,,,,,,,,,,,
,,,,,,,,,,,,,,
,,,,,,,,,,,,,,